{
  "generation": 6,
  "best_fitness": 24.48353261356045,
  "mean_fitness": 3.7405558197530353,
  "best_genome": [
    1.248862029874366,
    -0.317572038201237,
    1.0395286843310871,
    0.34170160016917994,
    0.31055219627033137,
    -1.8589372659808308,
    -1.318090918456711,
    0.6525831886188189,
    1.0886600901763823,
    0.4604100277131734,
    -0.36078080052899053,
    -1.4799817282502108,
    -0.1117125791664026,
    -1.8446009891205644,
    -0.43173094126941197,
    -0.026332450016028075,
    0.253413504862126,
    -1.3351794124008172,
    1.2975864097583818,
    0.8505906907464071,
    -1.0563329298331396,
    0.36921571476389026,
    0.31314548728102987,
    0.41530774639276535,
    -0.21472716715776,
    -1.4385099713470941,
    -0.917541130517034,
    -0.1867571947748704,
    -0.40729083611176997,
    0.20951600248680133,
    1.2392929890708677,
    1.1145893859660696,
    -0.796055193888579,
    -0.25609493950441004,
    -2.438365951063518,
    -0.07877690527391101,
    -0.4832812201729327,
    -0.2658919058201811,
    0.7572208734639425,
    1.0990370806403462,
    0.06172440396008025,
    -0.4228733980955349,
    -0.04121934471833438,
    1.1308575557075482,
    -0.2719380676206276,
    -1.4702139599871016,
    -0.5774318573376716,
    1.3904238181513038,
    0.3919217906959585,
    -0.6431513142614481,
    -0.39559016959030013,
    0.6274174463730228,
    1.7296771821323331,
    0.05105050399104699,
    -0.7447089928507964,
    -0.09372409447777108,
    -1.2356268910529418,
    -1.0208825830459993,
    -0.884782647834415,
    1.2417281081801017,
    -1.4045361041076838,
    1.9684967209331399,
    -0.997628824680315,
    0.21948167142859587,
    -0.4870824213054327,
    0.32583495081879865,
    0.9376148866029714,
    0.19139772755617282,
    0.3740323143883038,
    -0.6119464859350551,
    -0.2619318706952898,
    0.787473775219987,
    0.9100998478183984,
    -0.5921259059075793,
    0.20763182356103316,
    -1.403635493296139,
    -0.7524128282724496,
    0.5142862858781506,
    0.0028414914865973473,
    0.22357410323781127,
    -0.2896475539179162,
    -0.05988039758186514,
    -1.096931763335181,
    0.37105812951317746,
    -1.3527826901686475,
    0.2256686745153034,
    -1.1553408663636089,
    1.0915163465415343,
    0.1363674901139681,
    -1.2067046083936521,
    -0.3163227478549715,
    -0.1118383910612882,
    0.1543268845111087,
    0.029588962682739472,
    -1.2657952542773983,
    -0.5080158084506067,
    0.6899035353702048,
    1.0109811520826821,
    1.2469614648492136,
    0.6213775161664378,
    -0.8061777742725607,
    0.008138378155229603,
    0.13369206925648336,
    -0.07055715016284109,
    -2.389427043111142,
    -3.2820643979028135,
    0.6871874323219758,
    0.34799342835577807,
    -0.10155947088021644,
    1.7773057783637471,
    3.398759893564942,
    -0.8471738254510043,
    -0.42268218952840686,
    -0.8656838298172612,
    1.1399034240181793,
    -0.14328822948304965,
    -0.2859979738962857,
    -0.698007174291922,
    -0.5707677632226978,
    -1.6332034401274773,
    -0.978616125437053,
    -0.7114050895015458,
    0.7311439639033812,
    0.11715719845401243,
    0.5338293350948397,
    -1.2106688213093717,
    -0.4931097273411336,
    -0.4542820797726279,
    1.643934604684084,
    -0.45909083317089894,
    0.7277287420000615,
    0.8276040734596382,
    0.4578843136058542,
    -0.5690779131048996,
    1.3690319430087814,
    -0.5234504850709999,
    1.4988645071416757,
    0.01671092233180327,
    0.6288084967930198,
    -0.15638127012843586,
    0.2792787869569324,
    -0.16196992121191342,
    -0.06371686362291862,
    1.8552733276303577,
    -0.396703394812748,
    1.2613220236645815,
    1.363675812021906,
    1.0574083741892708,
    -0.08367928764357509,
    -0.6260179755761419,
    0.6978573064697517,
    0.88175914094224,
    -0.949438543159719,
    0.6068319386296348,
    0.08741030847697284,
    -0.5371465873067154,
    -0.710933804406413,
    -0.5937333197667544,
    0.9899151349305142,
    -0.3869060180120814,
    -2.8802245651120844,
    1.2973958431682624,
    -1.8108072902297088,
    0.5147453732436648,
    -1.6619194438345686,
    0.5442956878482967,
    0.9781424188479628,
    -1.1501123329929044,
    -0.4526909384004615,
    -1.6241239205772224,
    -0.9080940559180497,
    -0.3919695516032184,
    0.8810855017425225,
    -0.7350726779779787,
    -0.17844195753358527,
    -0.8596404408259585,
    -0.8176548436595862,
    0.9582313258213768,
    -0.04795616027749412,
    0.1470406797640858,
    -0.9693866320425173,
    -0.9667002173457238,
    0.13024132659509785,
    -0.10716796438282983,
    0.7680879286860057,
    -0.016326168834211317,
    0.39047313454473714,
    -0.7599279974986762,
    1.2364705090634558,
    -0.05099342081041658,
    0.8016907601254074,
    0.9623338752297957,
    0.22767969841758756,
    0.21520572133269633,
    0.35910877844228023,
    1.7495443907929096,
    -0.0902174636038084,
    -0.7405735205929173,
    0.031178194668176763,
    0.7490870205451624,
    0.8977067054497008,
    -0.7059899062307207,
    -1.2124612482218537,
    0.40274900559574145,
    -0.674842179642427,
    0.9657436906717659,
    1.0465654117221943,
    0.15282369572859722,
    1.2286315694148304,
    0.5128827786227739,
    -1.2654159019186697,
    -0.757371998645946,
    -0.13677357067782236,
    0.3445923646766102,
    -1.3561216089580372,
    1.1085586407892696,
    1.4372080572584756,
    -0.31645612280228047,
    -0.2388011349439435,
    -0.7003740281830697,
    0.5023191825843276,
    0.30507371262615895,
    -0.7054245843490012,
    0.9330185758233669,
    1.1057267532643373,
    -1.483103708178793,
    -0.6248896454890653,
    0.8934614334655667,
    -0.0755685584825962,
    -0.35594671750358065,
    1.5623241752073114,
    -0.09206825535587614,
    0.7880255069704324,
    1.0086887425224011,
    -0.2321989227148864,
    0.14899796634140028,
    0.9583325510994333,
    0.7743077108374941,
    -0.33434754765455676,
    0.032104163185373576,
    1.6494891050671279,
    -0.2533091640743034,
    1.0102985407485485,
    -0.0526869642183322,
    0.3377954979989642,
    -1.4136492159849616,
    1.2589788607266685,
    -0.7250522367192429,
    0.31952986089940977,
    1.2794272393301727,
    -1.7552295597636092,
    0.5526508927790201,
    -0.3555118361338727,
    -0.19621624281346825,
    -0.13836165516410776,
    -0.8283078706729632,
    1.861743504022117,
    0.41062467990624835,
    1.7933678922747027,
    -0.7163973840669607,
    -1.524448530133349,
    0.6840377110896263,
    -0.023151800672238154,
    -2.2878474837338953,
    0.4759212257580648,
    0.4446224969232491,
    -1.3583110177453106,
    1.2790428560308347,
    -1.1032729194142528,
    1.0798769107150943,
    -0.4721166833438292,
    0.019007321859013993,
    0.7556578900691051,
    1.4825945321340748,
    1.9392812714405283,
    -1.3173694615930907,
    2.3849241312377143,
    -0.22992185410448163,
    -0.27950231961141114,
    -1.1972297403615868,
    1.201410228667056,
    0.029443451847363467,
    1.3571551481361155,
    0.5321809397025516,
    -1.7811344372043747,
    -0.7697863476349772,
    -1.0454589399220575,
    -0.9683125074369194,
    -1.0591520549168607,
    0.2972019068627909,
    -0.38645310301496383,
    0.30910040656899335,
    -0.6807072177895281,
    -0.5148674733582224,
    -1.1048584533783516,
    -1.862289102898841,
    0.3970167104420985,
    -0.8172171828845525,
    0.7548289140341692,
    0.32598558040779674,
    0.1488480946202637,
    1.8094245987466508,
    -0.17656680270152653,
    -0.971373930146634,
    -1.175799558789768,
    -0.5125414290707325,
    -1.752272120189353,
    0.8762373010455988,
    0.1838889846839009,
    -0.29360611231779,
    -0.4423166720719626,
    -0.6888956171763332,
    1.9773573627812078,
    -0.6125668334219538,
    -0.520408175072609,
    -0.028119507913956236,
    0.8489309194791957,
    0.1321579928033919,
    -1.1285133778060257,
