{
  "generation": 5,
  "best_fitness": 23.663136226545156,
  "mean_fitness": 5.508805134695298,
  "best_genome": [
    0.15987317551202568,
    0.680587337793588,
    -0.48924513500983513,
    0.09004923242490517,
    -1.3888112290332435,
    1.6716104383283228,
    -0.3891224381717732,
    -1.0313236305363047,
    -0.15947358513669463,
    -2.57635875233451,
    1.1127912710079848,
    0.681906644975494,
    0.7211057844818635,
    0.24175761117423034,
    0.3600081886285083,
    -0.483886390124424,
    -0.6771731222982172,
    -1.2010323079764538,
    1.0019143499511391,
    -0.2575372354377928,
    -1.4681127393655802,
    0.5949302589741188,
    -0.8803292849039911,
    -1.7174675564157196,
    1.872430981336827,
    -0.8667808329880756,
    -1.834175602199884,
    0.039211642170869365,
    -0.5351560253534404,
    0.10191789122283974,
    1.6436149853340103,
    -0.6227344636615355,
    0.9980682796442779,
    -3.3277648465199934,
    -1.4578382572189723,
    0.8517312753156063,
    -0.7233668005160119,
    -1.0292812960450808,
    0.12003457776515501,
    -1.2079725772958056,
    1.8617459618919807,
    0.3942931184843857,
    -0.22388223442146105,
    0.9675363453543571,
    0.6157577644005524,
    -0.4716116877424946,
    -0.7261594192305977,
    -0.5626440037777963,
    1.132066057166124,
    0.24173803805039745,
    0.6985365519685228,
    0.4255259595282172,
    0.744235031627741,
    0.1235169864448108,
    -0.5102140886588125,
    -0.31054557887484163,
    -1.1939921729134533,
    0.41998113110458857,
    -0.05808621254449312,
    1.6530456098292599,
    0.1774532362240195,
    1.5881147742022974,
    2.0493697991779216,
    -0.6365089025237208,
    0.2881635182455643,
    0.6522215511307581,
    1.582813243011746,
    -1.4540765823706019,
    -0.06971348959396631,
    1.935019262561345,
    -0.19808453314375368,
    1.7891689228440828,
    0.21164187915473812,
    -0.28334801923007236,
    -0.5858680459111625,
    0.878080222984272,
    -1.2668047981479318,
    -1.1881867976024902,
    1.2703563482941618,
    -0.1530797920772021,
    0.6768293981550056,
    1.0557971742300907,
    -1.4500131480509513,
    -0.7042546343526512,
    1.253028554167801,
    0.7321221781910452,
    -0.535590062593262,
    1.6281718099539522,
    1.4867780307236076,
    -1.0459032736676999,
    -1.4755215536759185,
    -0.094445621015782,
    -1.2876270483577592,
    0.9263482140928158,
    0.3358078928279711,
    1.276399533609221,
    -0.18482662543341177,
    0.9462579367248107,
    -0.5392422083388173,
    -0.44212982313653443,
    -0.008865766569380974,
    -0.36806744452054785,
    -1.3794438139956582,
    0.034862975178469285,
    2.1910118812562565,
    -0.6373791343672671,
    0.2969079745991873,
    -1.400612103503035,
    -1.0350943065163822,
    1.895231919752379,
    -0.06959998542585784,
    -0.20107592062283783,
    0.4591559788029963,
    0.5718079236015028,
    -1.580895297307462,
    -1.435864300979286,
    0.4064311789442221,
    1.0197701483416726,
    0.5122185562349142,
    -0.28563423846054026,
    -0.34959963165185187,
    -0.8798913805034396,
    1.3118714923174364,
    0.8042355715816076,
    0.6849517515998784,
    -0.4125856215456024,
    -0.8481715521643257,
    0.8900338993549157,
    0.7230717893544134,
    -1.4665524242865975,
    -0.9047977144905052,
    -0.2641161716114555,
    -0.1711348689731248,
    0.5851659675312111,
    -0.818089481397713,
    -0.013229419448628934,
    -1.35804490742827,
    0.14740134292638754,
    0.9814783116923724,
    -0.6267073937010659,
    -1.9525107878791483,
    -0.5389079377605165,
    -1.2217833277456276,
    1.181995926459265,
    -0.24863276262793918,
    0.443351049221533,
    -1.7364260364294186,
    -0.581874204836586,
    1.2201950552110392,
    -0.013018198062474229,
    -0.2740891034165555,
    -1.578729593115005,
    -1.692168505242759,
    -0.7778121539917255,
    0.8893953480352792,
    -0.6422890254084415,
    0.29120330746615214,
    -0.3710825365632784,
    -0.17616045962960272,
    -1.0250661240068426,
    1.8331605838724205,
    0.8315082457986438,
    -0.6834444478327915,
    -0.26038653650230315,
    0.22719947372292473,
    0.9593010782732284,
    0.007166794171494922,
    1.6149931864812177,
    -1.4527581084426209,
    1.413863146358295,
    1.1564076398216465,
    -0.26661470065962917,
    0.5529677402469142,
    0.27528364361823127,
    1.0613435572227512,
    -2.610733042585017,
    -1.5561123365973657,
    0.9216365997821638,
    -1.2869198418749346,
    0.9612291384191081,
    3.474773501149211,
    0.8004684699939637,
    -2.2704164618628404,
    -0.14419891289395592,
    -0.5999489363124454,
    -0.9274915226440195,
    -0.05291233679152479,
    1.012413955415437,
    0.34612189068014565,
    -0.21408693820411573,
    0.002183870845674284,
    0.34898919829020125,
    -0.4978129625183368,
    0.4805562705741319,
    -1.2806039347699048,
    -0.6762281549776141,
    -1.9970815011081087,
    0.3710633597732742,
    -1.4618292042888006,
    0.9404830791001688,
    1.8359164456107824,
    -0.06801071307631489,
    -1.5597301442159697,
    0.6067179494138796,
    -1.910219520073234,
    0.4069577126377341,
    0.020064509363010283,
    0.5453366922670672,
    -0.09837593390508934,
    -1.7863517509465252,
    1.446981302722413,
    0.4180203592638115,
    1.9120542920044756,
    1.9373938619341462,
    -0.9842482264989383,
    -0.410669279996095,
    0.5232877466401331,
    -1.0973924175923278,
    1.4188358365645073,
    -0.29382310878882056,
    -1.6028366462072179,
    0.30248070455637177,
    0.4510529994437156,
    -1.0828466295257546,
    -0.8515735749091892,
    0.37100617130390773,
    -0.5310343999258701,
    -0.057694333894171786,
    -0.48858710619153134,
    0.5796165363779885,
    -0.7387134937762332,
    -0.7428280491443812,
    0.23982574367507115,
    0.15549195625246548,
    2.401461193371321,
    1.649371281669447,
    -1.2475448153836735,
    0.3921463169729221,
    -0.8594852183017996,
    -0.3161275000826298,
    0.8445896676516194,
    -0.8712409594544605,
    1.0791437498857488,
    -2.3802524535998963,
    -1.9000841551688705,
    1.0441997424688074,
    0.0913868670775565,
    1.186233915255169,
    -1.6013571745702306,
    -0.4131526861699911,
    -1.6630836128972892,
    -0.9825556690629362,
    2.0766953052670005,
    -1.3683677627832553,
    -0.6443171502187504,
    1.0624088287711388,
    -0.7463060454667311,
    0.20201287754649483,
    0.013911156009445072,
    -0.6688019762409974,
    0.7719410298213989,
    0.6777243533515807,
    -1.5017724695820522,
    0.4211821912736243,
    -0.06994690437894854,
    -1.7828919534842813,
    -0.020802234786599365,
    0.4152712922238452,
    1.1995124227362735,
    -0.3816020439954436,
    -0.48938403555447146,
    0.514718236856764,
    2.046085343882833,
    1.0465470239181431,
    -0.39592938936222377,
    2.1894638097918375,
    0.28693812106240624,
    -2.485305176139017,
    1.9967680630779532,
    0.2739682564316698,
    -0.05894117696160223,
    -1.1734056725876454,
    1.0388609058582574,
    -0.4360046124991502,
    -0.14287610015016844,
    -0.5124954200785256,
    0.136501338921814,
    0.10746607122866061,
    -1.0045418650559599,
    2.2310823382120772,
    -0.8906555013196186,
    0.0659201163365709,
    -0.5775606432983338,
    -0.8129864692762404,
    -1.2770714527446503,
    -0.11464590079824087,
    -0.32143365265020374,
    0.10412700021834309,
    0.6388393816137266,
    1.7649210137153775,
    -0.8747960139471521,
    -1.6691643342992777,
    1.5378250237398914,
    0.4330461724645753,
    -0.23347419630385888,
    1.561069677163485,
    0.2036247026272412,
    0.8662448208347514,
    0.09628686064462785,
    1.0601263514961146,
    -0.11858012308431731,
    0.16181581732490682,
    0.13079088753347157,
    0.8448861081725999,
    1.7370323010724604,
    0.21007753753123554,
    -0.6287320694275692,
    0.6212543266574884,
    1.5570618539921017,
    0.36372288444690043,
