{
  "generation": 7,
  "best_fitness": 13.256316504290997,
  "mean_fitness": 4.216293780528157,
  "best_genome": [
    0.15987317551202568,
    0.680587337793588,
    -0.48924513500983513,
    0.1271766381028669,
    -1.3888112290332435,
    1.6716104383283228,
    -0.3891224381717732,
    -1.0313236305363047,
    -0.15947358513669463,
    -2.3298941526714687,
    1.1699254149828133,
    0.681906644975494,
    0.7211057844818635,
    -0.7046871728334366,
    0.3600081886285083,
    -0.483886390124424,
    -1.225090118796674,
    -0.9938863706770865,
    1.0019143499511391,
    -0.2575372354377928,
    -1.4681127393655802,
    0.5949302589741188,
    -0.8803292849039911,
    -1.9409871719785008,
    1.872430981336827,
    -0.8974997865410793,
    -1.834175602199884,
    0.039211642170869365,
    -0.5351560253534404,
    0.10191789122283974,
    1.6436149853340103,
    -0.7495408808068282,
    0.587514922309673,
    -3.3277648465199934,
    -1.749983654345769,
    0.38688652154534425,
    -0.9477279992693106,
    -1.0292812960450808,
    0.12003457776515501,
    -0.43840109332537436,
    1.8617459618919807,
    0.08925187786129174,
    0.0415085005525318,
    0.9675363453543571,
    0.6157577644005524,
    -1.1657520105009795,
    -0.7261594192305977,
    1.3904238181513038,
    0.3919217906959585,
    -1.6510891498878366,
    -0.9916014291651702,
    0.6274174463730228,
    1.7296771821323331,
    -0.12033430568766748,
    -0.7447089928507964,
    -0.039804455055228255,
    -1.3432668874234763,
    -1.2216375328736568,
    -0.884782647834415,
    0.39080235565430954,
    -1.4045361041076838,
    1.4615695972010871,
    -0.997628824680315,
    0.21948167142859587,
    -0.4870824213054327,
    0.09482360439883769,
    0.9376148866029714,
    0.19139772755617282,
    0.3740323143883038,
    -0.6119464859350551,
    -0.6695994160796049,
    1.5540452332745416,
    -0.07189996497251383,
    -0.5921259059075793,
    0.5714330920582413,
    -1.403635493296139,
    -0.7524128282724496,
    0.5142862858781506,
    0.0028414914865973473,
    0.02545848306231921,
    0.8081496734870084,
    -0.05988039758186514,
    -1.299973144170686,
    -0.34860956142629757,
    -1.3527826901686475,
    0.2256686745153034,
    -1.1553408663636089,
    1.0915163465415343,
    0.1363674901139681,
    -1.2067046083936521,
    -0.3163227478549715,
    -0.1118383910612882,
    0.1543268845111087,
    0.029588962682739472,
    -1.2657952542773983,
    -0.5080158084506067,
    0.6899035353702048,
    1.0109811520826821,
    1.2469614648492136,
    1.3594745671974837,
    -0.8061777742725607,
    0.008138378155229603,
    -0.6326134565710857,
    0.35057235081607907,
    -2.389427043111142,
    -3.2820643979028135,
    1.1362564595476226,
    0.34799342835577807,
    0.4508602305772771,
    1.6442857386041185,
    3.398759893564942,
    -0.2715884217537229,
    -0.42268218952840686,
    -0.8656838298172612,
    0.6682778534687305,
    -0.14328822948304965,
    -0.2859979738962857,
    -0.698007174291922,
    -0.5707677632226978,
    -2.256321060524157,
    -0.978616125437053,
    -0.7114050895015458,
    0.7311439639033812,
    0.11715719845401243,
    0.5338293350948397,
    -1.2106688213093717,
    -0.4931097273411336,
    -0.4542820797726279,
    1.643934604684084,
    -0.6475529534961594,
    0.9445259635667358,
    0.8276040734596382,
    0.4578843136058542,
    -0.08652241484122321,
    0.9734232268812278,
    -0.8168228303089555,
    1.4988645071416757,
    0.01671092233180327,
    0.9041052597739139,
    -0.15638127012843586,
    0.2792787869569324,
    -0.16196992121191342,
    -0.06371686362291862,
    1.6861199432551286,
    -0.396703394812748,
    0.9899170608637526,
    1.363675812021906,
    1.0574083741892708,
    -0.08367928764357509,
    -0.6260179755761419,
    0.6978573064697517,
    0.88175914094224,
    -0.949438543159719,
    0.44435527748230436,
    0.08741030847697284,
    -0.5371465873067154,
    -0.8566001326495096,
    -0.5937333197667544,
    0.9899151349305142,
    -0.3869060180120814,
    -2.669295671733076,
    1.2973958431682624,
    -2.234036668365612,
    1.2945182871362189,
    -1.6619194438345686,
    0.5442956878482967,
    0.9781424188479628,
    -1.1501123329929044,
    -0.4526909384004615,
    -1.6241239205772224,
    -0.8872925188133988,
    -0.3919695516032184,
    0.8810855017425225,
    -0.7350726779779787,
    -0.17844195753358527,
    -0.8596404408259585,
    -0.8521414067592248,
    0.6413190701426366,
    -0.2625745328289894,
    0.42246586692663474,
    -0.9693866320425173,
    -0.9667002173457238,
    0.13024132659509785,
    -0.10716796438282983,
    0.06679214407295164,
    -0.016326168834211317,
    0.39047313454473714,
    -0.68589892687258,
    1.2364705090634558,
    -0.05099342081041658,
    0.8016907601254074,
    0.9623338752297957,
    0.22767969841758756,
    0.21520572133269633,
    0.35910877844228023,
    1.7495443907929096,
    -0.0902174636038084,
    -0.7405735205929173,
    0.031178194668176763,
    0.7490870205451624,
    0.8977067054497008,
    -0.7059899062307207,
    -1.2124612482218537,
    0.40274900559574145,
    -0.674842179642427,
    0.9657436906717659,
    1.0465654117221943,
    0.15282369572859722,
    1.2286315694148304,
    0.7903412902442792,
    -1.2654159019186697,
    -0.757371998645946,
    -0.13677357067782236,
    0.3445923646766102,
    -1.2480384480616782,
    1.6372512864302005,
    1.4372080572584756,
    -0.31645612280228047,
    -0.2388011349439435,
    -0.7003740281830697,
    0.5023191825843276,
    0.30507371262615895,
    -0.7054245843490012,
    0.9330185758233669,
    1.8116834193242315,
    -1.483103708178793,
    -0.5348709095660067,
    0.8934614334655667,
    0.1454688168490593,
    0.3082420030710382,
    -1.016024205786808,
    -0.17871861717137488,
    -0.088680492516784,
    0.4519218100130068,
    0.37085798916146656,
    -1.93558756468467,
    -0.15954685976433347,
    -0.3116407760173759,
    -1.3601951414758426,
    -1.4214356446808345,
    0.9419275122028368,
    -0.3484664101241274,
    1.0160036765531337,
    -0.10144723208834558,
    -0.5442085431952385,
    0.6473799442648012,
    -1.1673757579420954,
    -1.8682574067665407,
    1.0335013798380897,
    -1.3784351077078687,
    -0.4113741618120033,
    -0.8800745920365416,
    0.2678046899540845,
    0.02102582507716233,
    0.9336322221625277,
    0.49228762028835993,
    0.6037395020091135,
    -0.2039306547827145,
    1.2499623104813824,
    0.35863604846385766,
    0.009604052452190223,
    0.8898255103744338,
    0.2483504891839457,
    0.7297057831355711,
    -0.30164692979534713,
    -0.46780435563738293,
    0.4884727164899342,
    0.6835430425223743,
    0.2104747878723433,
    -2.6714366142733863,
    -1.0095919158435915,
    0.39685043015440824,
    1.3813034719673498,
    1.2486486630658662,
    -0.35338149184054973,
    -0.5521163528771292,
    1.3622435798325385,
    2.0917512643245546,
    -1.607747247400145,
    -2.401212960606541,
    0.6872825661163887,
    -1.6071187557203666,
    0.7586395628933766,
    -1.1365040733657996,
    -1.1134845949998058,
    0.7759125091586023,
    -0.03712120107020911,
    -0.31499017397503903,
    -0.4762953223308906,
    -0.665550819484783,
    -0.19016851233292253,
    -0.3507792713447055,
    3.1746249763886065,
    -0.5426422388050405,
    -0.07948256212973437,
    -1.1823809821037627,
    1.503694529256947,
    -0.22432651037733103,
    -1.7454622523894046,
    -0.0665902434371511,
    0.14441636934732788,
    -1.16951635236576,
    0.3158240861693374,
    1.232682240123384,
    -0.5877533736483017,
    -0.6979349092813723,
    -2.1141638634271462,
    0.11061768419169664,
    0.9019344812556543,
    -1.0485364981926373,
    1.1016782342010347,
    -1.2655728893901195,
    -1.1620249089310062,
    -0.688855483028963,
    1.985191008249919,
    -2.4527343671264106,
    1.0956459106389675,
    0.25263882551747424,
    -1.471371778602747,
