{
  "generation": 1,
  "best_fitness": 17.308801170992123,
  "mean_fitness": 0.6324845964940862,
  "best_genome": [
    -0.4327675048979439,
    2.67228656543562,
    1.3923686713335697,
    0.03211145896161577,
    0.8087439041512421,
    -0.9505780290282494,
    0.6200474262449043,
    1.8187982839484678,
    -0.2219858090322762,
    1.1638311503184713,
    -2.044875122245953,
    0.8757892991959505,
    0.9978619520467453,
    0.12554186642831916,
    0.9625167273381643,
    -0.23299133790521495,
    -0.13794661442435416,
    0.1428926532058307,
    -0.2996944723858045,
    0.9346801932476569,
    -0.21465743782243807,
    0.6008789443548245,
    -1.2685755772505116,
    0.686477311607971,
    0.8755938244172964,
    0.06926181054268296,
    0.6799671696220811,
    -0.11425690464854892,
    0.14681890382036034,
    1.462891410844781,
    0.473577955431709,
    0.8927095330165803,
    -0.6508717779582365,
    -2.9363461897723973,
    0.845349971584923,
    2.4299884868477144,
    0.19433010125983707,
    -0.3918283606303976,
    0.6385622630424952,
    -0.6447857708528033,
    -0.5313976990729397,
    0.936330851431223,
    1.2867389248869678,
    0.19266291916925501,
    1.400260814607929,
    -0.29735176333777336,
    -0.6516524147720858,
    0.02786803355698222,
    1.4537686256429005,
    2.4121375586250293,
    -0.16039791740409376,
    -0.12554162857811413,
    -1.4715767182012325,
    -0.10949815963903939,
    0.8427239032418921,
    0.9691341812934497,
    1.052905738526742,
    -1.2114511550299518,
    0.22088809144753274,
    -0.20193723136889868,
    -2.9642168670174467,
    0.004704947488051681,
    1.2760754605408393,
    0.59397616713926,
    1.0960466206167505,
    0.2713996566054483,
    1.382165769195937,
    -0.3839551573069917,
    0.26471359874213457,
    -0.3470886247767637,
    -2.4996565776796182,
    -0.9834266335158566,
    1.1085146617102575,
    -0.7168697774064837,
    1.9084184206200123,
    -0.33816754491578704,
    -1.1777298956126971,
    0.31772364833661365,
    -0.5880488660203295,
    -0.32396400460779756,
    1.84386394053266,
    1.1382360041270119,
    0.4200436091369425,
    -0.39985709312065243,
    0.23873627765807579,
    1.1301030219632995,
    -0.5635508784122223,
    -0.24457945899378292,
    1.453702849938826,
    1.1145599707303446,
    -0.2377314854277646,
    -0.3443678126864948,
    -1.5147416595805785,
    0.397408364261057,
    -0.4326574373395824,
    -0.14437733084457519,
    1.0167426466328702,
    -1.6237784753003794,
    0.09829068932539312,
    0.4209185092950556,
    0.49128410889962415,
    -0.48116988804303723,
    1.973709519543701,
    -1.517897373765604,
    -0.05465212887033958,
    -0.7249147635641947,
    0.38685480810758777,
    0.45866176325709385,
    0.6562420258803905,
    0.18885674820626777,
    -0.8041618385078633,
    -0.40269746247514593,
    0.997496797466615,
    0.9005933868285356,
    0.2987267155532745,
    1.2603816290208,
    0.92785810022621,
    1.9234798849019705,
    -1.792695976060715,
    0.8305634351388316,
    0.5586655900077343,
    0.23949575010669605,
    0.335626500873137,
    0.6876389616099411,
    0.8389486495878845,
    -0.1842374321937978,
    -0.732678513077798,
    -1.7483863911083908,
    -0.42105607870559614,
    2.1343897881492238,
    -0.4933030491663456,
    -1.1007595364347098,
    0.22955715761236659,
    -1.3180318034418157,
    -0.7889286883808246,
    1.4031350595293126,
    1.056112030029047,
    -1.28511219163153,
    -1.1792264550090175,
    -0.4105853256606243,
    -1.0270901691089318,
    -1.3738480756694595,
    -1.3579215334591168,
    -0.7164469980145903,
    -0.7013403671722676,
    -0.45159385711399747,
    1.7026923409466164,
    -0.8728706405053045,
    0.9772701239225404,
    1.1297384357946982,
    -0.06500668202987381,
    0.32908987758402586,
    0.18121149903957848,
    -0.5417558053281152,
    -0.4684711245082593,
    0.3669428391702302,
    -0.13154961929795705,
    -0.5642429713707432,
    1.4218062662924384,
    -1.1721671729096763,
    -0.9976213476856046,
    -0.27736591994270016,
    0.8295072972804973,
    -1.0092425105820628,
    -0.3473522585008486,
    1.4885884466253338,
    -1.2064061563002195,
    0.1786728546598999,
    0.6722837992995987,
    -1.1695003773002965,
    -0.4421790045761091,
    -0.6829834330551844,
    -1.8992000584792337,
    -0.2996578538286341,
    -0.6381015212497604,
    -0.0978604890701977,
    -0.37718136774355093,
    1.1317393797132187,
    1.1148140754720421,
    0.5083425570580653,
    0.7935192728314427,
    0.45562251495812717,
    0.13024132659509785,
    -0.20788141569300184,
    0.7680879286860057,
    -0.016326168834211317,
    0.39047313454473714,
    -0.7599279974986762,
    1.2364705090634558,
    0.4847573956446196,
    1.2857434019296539,
    0.960530119073287,
    0.5835315682930299,
    0.15993309972622338,
    0.35910877844228023,
    1.1444915441375136,
    -0.0902174636038084,
    -0.6188325381027378,
    0.08069586205267519,
    1.3959453557928432,
    0.8977067054497008,
    -0.7059899062307207,
    -1.2124612482218537,
    0.45131958996277327,
    -0.6585573648303243,
    1.5331418250766424,
    1.0465654117221943,
    0.15282369572859722,
    1.2286315694148304,
    1.2264815874635426,
    -1.2654159019186697,
    -0.757371998645946,
    0.34597781283967544,
    -0.21237332721588847,
    -1.2047567987749803,
    1.2699513205447104,
    1.4372080572584756,
    -0.31645612280228047,
    -0.8785853118083325,
    -1.8225438423683065,
    1.625325354265949,
    0.30507371262615895,
    -0.3655043856768903,
    0.9330185758233669,
    1.1057267532643373,
    -1.483103708178793,
    -0.5348709095660067,
    0.8934614334655667,
    0.060682883628078936,
    0.07287733128404521,
    -1.016024205786808,
    -0.17871861717137488,
    -0.3644110698361254,
    0.4519218100130068,
    0.36171720422303477,
    -1.93558756468467,
    1.0739408804295232,
    -0.3116407760173759,
    -1.0460714903135389,
    -1.6510687691560273,
    0.9419275122028368,
    -0.2257536673519129,
    0.7360016013787455,
    -0.10144723208834558,
    -0.5442085431952385,
    -0.36884597398479996,
    -1.1673757579420954,
    -1.8682574067665407,
    1.0335013798380897,
    -1.3784351077078687,
    -0.4113741618120033,
    -1.4378212493046978,
    0.2938759147988723,
    -0.5185050512682061,
    0.9336322221625277,
    0.5983097143199716,
    1.0905459219567546,
    -0.2039306547827145,
    1.2499623104813824,
    0.5336294551786368,
    0.009604052452190223,
    0.8898255103744338,
    0.4703690374311553,
    0.7297057831355711,
    0.5668219951050695,
    -0.46780435563738293,
    0.4884727164899342,
    -0.8686610959895147,
    -1.2915785093023227,
    0.1750799397173393,
    -0.14461079951215994,
    -1.29998308930086,
    0.19786490744145968,
    -0.48497664145399205,
    0.7072514855989102,
    0.9312628706710825,
    -1.5932496064554713,
    -0.09877113178644223,
    1.3272339351996938,
    -0.5156736401137445,
    -0.4188997107822361,
    1.8086803870481478,
    0.5628399484867098,
    2.087221692405715,
    -0.622125958124636,
    -0.4845882793196722,
    0.20069043517325194,
    -0.37077371479392135,
    -0.42358099843384744,
    0.3626704786997842,
    0.42529314287557407,
    -0.7533769829294843,
    -0.9587193845025755,
    0.24450267678643833,
    -1.5276055768809944,
    -0.7755757687915799,
    -1.5445128933929366,
    0.2392743529691293,
    -3.024794348902554,
    -0.7260757757814804,
    0.22310196847360322,
    0.0585091451656232,
    -0.35098811052420203,
    0.044558399236826154,
    0.22411037362950184,
    -1.3533992031561122,
    0.6819533110766791,
    -2.555653655633612,
    -0.24072270325615966,
    1.1649443231098278,
    1.279234162962192,
    -0.2227263539250303,
    -0.1585735304427784,
    -0.3968945951352855,
    -1.1336173600674677,
    0.432385727958936,
    -0.9422797468656241,
    -0.4084352441985934,
    -0.2776902313819696,
    0.17587701954689772,
