{
  "generation": 3,
  "best_fitness": 338.4258495535879,
  "mean_fitness": 85.91645654632865,
  "best_genome": [
    2,
    1,
    2,
    0,
    3,
    1,
    2,
    0,
    3,
    0,
    4,
    1,
    2,
    0,
    2,
    2,
    4,
    2,
    2,
    0,
    4,
    0,
    0,
    2,
    2,
    2,
    1,
    4,
    1,
    0,
    3,
    4,
    2,
    2,
    0,
    0,
    1,
    1,
    0,
    4,
    0,
    4,
    3,
    3,
    2,
    0,
    4,
    1,
    0,
    1,
    2,
    1,
    1,
    1,
    0,
    0,
    3,
    4,
    3,
    1,
    1,
    1,
    0,
    0
  ],
  "all_fitnesses": [
    171.43455368909127,
    3.672673168542076,
    338.4258495535879,
    150.9057350355077,
    66.16607885116008,
    166.62549196513515,
    126.9986326808542,
    71.71697554198573,
    71.38779466025159,
    78.01139762142208,
    141.15641233593828,
    37.29818829875512,
    119.95220584378245,
    -390.35167317717185,
    26.807577886427964,
    -31.84170588536469,
    150.7340606713846,
    161.87602316577323,
    59.336587506306614,
    198.01627151320372
  ]
}