{
  "generation": 8,
  "best_fitness": 345.78840260565653,
  "mean_fitness": 84.089729035002,
  "best_genome": [
    1,
    2,
    2,
    0,
    3,
    1,
    2,
    0,
    3,
    0,
    4,
    1,
    2,
    0,
    2,
    2,
    4,
    2,
    2,
    0,
    4,
    0,
    0,
    2,
    3,
    2,
    1,
    2,
    1,
    0,
    3,
    4,
    2,
    2,
    0,
    0,
    1,
    1,
    0,
    4,
    0,
    1,
    3,
    1,
    2,
    0,
    4,
    1,
    0,
    1,
    2,
    1,
    1,
    1,
    0,
    0,
    3,
    4,
    2,
    1,
    1,
    1,
    0,
    0
  ],
  "all_fitnesses": [
    345.78840260565653,
    -88.28005326505104,
    30.02265930022253,
    304.5150180027222,
    39.09731571045904,
    255.84581553989113,
    -19.793203499088236,
    86.99679044511322,
    126.66148780190264,
    151.4673584698878,
    183.97057081046842,
    56.07960382697945,
    16.304648915090752,
    -45.69720308420054,
    103.07830955950925,
    6.374654798068889,
    -115.65942732294047,
    -50.668873217037515,
    291.82949814444623,
    3.8612071579396456
  ]
}