{
  "generation": 6,
  "best_fitness": 343.50870893764437,
  "mean_fitness": 78.88952488084944,
  "best_genome": [
    1,
    1,
    2,
    0,
    3,
    1,
    2,
    0,
    3,
    0,
    4,
    1,
    2,
    0,
    2,
    2,
    4,
    2,
    2,
    0,
    4,
    2,
    0,
    2,
    2,
    2,
    1,
    4,
    1,
    0,
    3,
    2,
    2,
    2,
    0,
    0,
    1,
    1,
    0,
    4,
    0,
    4,
    3,
    3,
    2,
    0,
    4,
    1,
    0,
    1,
    2,
    0,
    1,
    1,
    0,
    0,
    3,
    4,
    3,
    1,
    1,
    1,
    0,
    0
  ],
  "all_fitnesses": [
    343.50870893764437,
    35.58503791592983,
    228.839640787409,
    44.46357062519354,
    18.6478929312874,
    -81.83003678093084,
    62.29199138894012,
    -75.85982681257886,
    188.4033222099552,
    -6.891866575443828,
    274.8491989598753,
    326.3195513537763,
    44.47176728033577,
    48.66395930630563,
    35.194675704956865,
    -86.79037718179703,
    297.5063353831312,
    -26.04567264716289,
    -77.33231254818034,
    -16.20506262165776
  ]
}