{
  "generation": 10,
  "best_fitness": 345.78840260565653,
  "mean_fitness": 46.546379962599566,
  "best_genome": [
    1,
    2,
    2,
    0,
    3,
    1,
    2,
    0,
    3,
    0,
    4,
    1,
    2,
    0,
    2,
    2,
    4,
    2,
    2,
    0,
    4,
    0,
    0,
    2,
    3,
    2,
    1,
    2,
    1,
    0,
    3,
    4,
    2,
    2,
    0,
    0,
    1,
    1,
    0,
    4,
    0,
    1,
    3,
    1,
    2,
    0,
    4,
    1,
    0,
    1,
    2,
    1,
    1,
    1,
    0,
    0,
    3,
    4,
    2,
    1,
    1,
    1,
    0,
    0
  ],
  "all_fitnesses": [
    345.78840260565653,
    69.8097622207627,
    -48.48159943235544,
    -60.4187378888862,
    -127.6085525074968,
    51.573052964123065,
    38.94014315213997,
    -32.96974959078585,
    102.64080181988174,
    -37.95933163241261,
    310.0589957880223,
    56.657391597652804,
    40.7113160134499,
    41.074883605063576,
    -49.569104889071696,
    -11.663558012033093,
    92.44723932739475,
    -35.12783745527781,
    50.402392091265824,
    134.6216894748976
  ]
}