{
  "generation": 7,
  "best_fitness": 345.78840260565653,
  "mean_fitness": 94.51437006641704,
  "best_genome": [
    1,
    2,
    2,
    0,
    3,
    1,
    2,
    0,
    3,
    0,
    4,
    1,
    2,
    0,
    2,
    2,
    4,
    2,
    2,
    0,
    4,
    0,
    0,
    2,
    3,
    2,
    1,
    2,
    1,
    0,
    3,
    4,
    2,
    2,
    0,
    0,
    1,
    1,
    0,
    4,
    0,
    1,
    3,
    1,
    2,
    0,
    4,
    1,
    0,
    1,
    2,
    1,
    1,
    1,
    0,
    0,
    3,
    4,
    2,
    1,
    1,
    1,
    0,
    0
  ],
  "all_fitnesses": [
    343.50870893764437,
    -46.252612830598906,
    114.01457954136464,
    3.9312867978115946,
    -2.2993498624636004,
    199.98622891776932,
    -106.30016588362903,
    109.99779525738938,
    345.78840260565653,
    105.1775753464484,
    23.623111345476218,
    -70.88072087672279,
    235.58167815141059,
    -102.84612894428673,
    38.613766000113,
    29.484878845524122,
    -13.791009090590535,
    236.1619448222504,
    264.112168065711,
    182.67526418206256
  ]
}