{
  "generation": 4,
  "best_fitness": 343.50870893764437,
  "mean_fitness": 72.58716315174003,
  "best_genome": [
    1,
    1,
    2,
    0,
    3,
    1,
    2,
    0,
    3,
    0,
    4,
    1,
    2,
    0,
    2,
    2,
    4,
    2,
    2,
    0,
    4,
    2,
    0,
    2,
    2,
    2,
    1,
    4,
    1,
    0,
    3,
    2,
    2,
    2,
    0,
    0,
    1,
    1,
    0,
    4,
    0,
    4,
    3,
    3,
    2,
    0,
    4,
    1,
    0,
    1,
    2,
    0,
    1,
    1,
    0,
    0,
    3,
    4,
    3,
    1,
    1,
    1,
    0,
    0
  ],
  "all_fitnesses": [
    338.4258495535879,
    49.57047240468927,
    -2.0637349984280036,
    112.15813654206659,
    87.80016334809932,
    -4.460087868751486,
    -59.02852148786113,
    117.92638979036309,
    343.50870893764437,
    67.45649895837232,
    -32.01507761475253,
    150.9074246212234,
    35.40162351275876,
    -127.63463555970719,
    271.6866212993345,
    46.29301042392598,
    146.91632482408312,
    -51.28202519695293,
    46.95456881116479,
    -86.77844726605971
  ]
}