{
  "generation": 2,
  "best_fitness": 171.43455368909127,
  "mean_fitness": 46.33397434417458,
  "best_genome": [
    1,
    2,
    2,
    2,
    2,
    3,
    4,
    1,
    0,
    2,
    2,
    0,
    4,
    0,
    2,
    2,
    4,
    4,
    2,
    0,
    4,
    0,
    3,
    2,
    2,
    2,
    1,
    4,
    1,
    0,
    1,
    4,
    2,
    2,
    0,
    0,
    1,
    1,
    0,
    0,
    2,
    0,
    1,
    1,
    1,
    1,
    2,
    4,
    2,
    1,
    4,
    3,
    1,
    1,
    2,
    3,
    2,
    1,
    2,
    2,
    1,
    0,
    2,
    2
  ],
  "all_fitnesses": [
    169.0395868834512,
    -33.71143554525844,
    137.71536749854863,
    64.66785541798544,
    -113.33243008723409,
    21.971551110366306,
    -75.1886325230592,
    13.264930080689112,
    165.80166330203292,
    145.74345218491106,
    -9.515203475424187,
    122.765473968386,
    139.23610636016627,
    13.682282490137084,
    11.545540029008748,
    -179.16093969477532,
    46.402069198518404,
    171.43455368909127,
    0.24363032387634576,
    114.07406567207391
  ]
}