{
  "generation": 11,
  "best_fitness": 41.34662864304893,
  "mean_fitness": 14.937392249491975,
  "best_genome": [
    -0.6764526586248114,
    -0.24525840309384966,
    1.3867240601250892,
    -0.4736864762901454,
    1.3397840242604686,
    0.4739627013563606,
    0.08475167668839934,
    1.120365343267683,
    -0.12283850211713351,
    0.04508472059823698,
    0.9692454215427412,
    -0.0731757675035039,
    0.7433132150761174,
    0.2545338185999245,
    0.9135868982765358,
    0.2687496069370729,
    -1.1531962036892855,
    -0.16065308744530235,
    -1.0606644461182162,
    -0.36277896995196357,
    0.13936479782598382,
    0.31893642260270433,
    1.1065716500119422,
    1.0185925025170846,
    -0.9546050380045339,
    -0.36351819796244556,
    -2.3959951339218013,
    0.21978086168231908,
    0.5976395680191553,
    2.3449008352295873,
    -0.13669239567498426,
    -3.0901895001772193,
    -0.4570911986091556,
    0.14152672365221897,
    1.002185297077899,
    -1.576125302473648,
    1.3545238104554445,
    0.671751337927943,
    1.4036706987963954,
    -1.5111611525520148,
    -0.41988830781841563,
    -0.25044078035732553,
    -1.261688517986501,
    -0.016709913721349747,
    0.004885772556069672,
    -1.1698204283137,
    -0.06948605560198733,
    0.12050416432279362,
    -0.7209793289718134,
    -0.8229535482091336,
    -0.26926658775578494,
    0.43757390406624913,
    0.03547057845859944,
    -0.7477939995822945,
    -0.004795295612678348,
    -1.2883543067845533,
    0.37721217878418856,
    -0.36268261310332195,
    1.0114504885479472,
    1.1138742769690286,
    -0.8370702018000029,
    0.5819064162116032,
    1.5450356369148808,
    -0.0316788940447249,
    0.14647875309582303,
    0.8886059007777558,
    -1.7851929202725296,
    1.3287901812432223,
    -1.4054696345565192,
    1.4605558850728146,
    -0.6722313173961811,
    -0.2130494747697474,
    0.4201897697267732,
    0.8529460113084071,
    -0.760909951318316,
    -2.4993049530487492,
    2.949249396760174,
    -0.7701170702896012,
    1.4124966138935742,
    -0.6214269606817382,
    0.7852813393729565,
    0.6386970070404197,
    1.6251143265845391,
    -0.7723729190169815,
    0.718653014325617,
    0.7638529374850396,
    2.0360009035603768,
    0.26091102437014085,
    -0.08077683656091002,
    1.0375565451563273,
    1.217169802410994,
    0.5678276256317778,
    -1.4653688349307117,
    0.7321917524781116,
    -1.907450023693859,
    0.1372625129596418,
    -1.6667421615408435,
    -1.014255303835783,
    -0.3071070567148807,
    0.6077692099721553,
    1.5049113023071363,
    1.004507128094298,
    -0.8307832389884339,
    0.770885382975135,
    -0.7303956373947051,
    -0.023424295138727194,
    -0.06839966460402974,
    0.779599678158903,
    -0.02817691476211471,
    -0.7063682541997357,
    0.8688185608882506,
    -1.3927805560273996,
    0.11589921341471754,
    0.21486081575317012,
    -0.20890438975286932,
    -0.5510595446866834,
    -1.649809442776233,
    1.0980574938103786,
    -0.21051891649140608,
    2.8965304934760976,
    -0.5029450626179736,
    1.3534076045398669,
    0.6389772959825571,
    -1.3780208954458368,
    1.968826809979147,
    -0.009003383481619692,
    0.4524514376323439,
    -1.883258710330155,
    -0.018359817223208674,
    -0.4365924677929717,
    0.376719461836289,
    -0.6494789438591959,
    -0.2069691202874353,
    1.630573492102407,
    -0.8730211063007427,
    1.4152183570738726,
    0.9816895419112545,
    -0.20680656752164034,
    -1.1397149093507253,
    -0.606993012906474,
    -0.06936872549884088,
    -0.05555034128354841,
    -0.48957540195595534,
    1.4018461744817892,
    1.8171248218610998,
    -0.15810473850578352,
    -0.22722383778712496,
    0.9631923609796498,
    2.888125672553196,
    1.1903721356956711,
    2.0588539083159008,
    1.588634638425766,
    -0.7049177277594352,
    -1.1457151792559952,
    1.532327112138775,
    -0.07570601847547173,
    -0.5345811077858552,
    -1.195789929385024,
    -1.9703594321756628,
    0.30935152748236877,
    1.3813489816766615,
    -0.9971979660902996,
    -1.0965438642010532,
    -0.24761344802665342,
    -0.7606967693001513,
    0.44408215109713134,
    -0.1788750096099714,
    -0.7638766901095945,
    -0.6203020747849106,
    -0.5034731117896274,
    -1.4603869137263323,
    0.36363073529048334,
    0.6829623015793422,
    1.8535179641772572,
    -1.048417691105533,
    -0.7818577585548946,
    0.6662732181951486,
    -0.6192297394089287,
    -0.8247572112016387,
    -0.9609603677418601,
    0.34340923789806593,
    -1.0170271472908843,
    1.3340381799790728,
    1.0028765675821985,
    3.20967457114188,
    0.17161406721012826,
    -0.28032983828320784,
    -0.12005903088083025,
    -0.5424653139867701,
    0.8435490616328649,
    -0.9301641695714415,
    2.4818903042747804,
    -0.7318662869221161,
    0.7720201893816991,
    -0.677007729783753,
    1.545756232108027,
    0.6208322009597087,
    1.2042480684858858,
    0.3465467412867336,
    -1.2143959441028358,
    -0.3777089188178091,
    -1.9825385614156001,
    0.1706540545459259,
    -2.0645698333180267,
    0.05125679460582397,
    -1.264474589916849,
    3.531412426696756,
    1.9170372009929788,
    2.0307298368548152,
    2.1590526778802643,
    -1.8183378044736394,
    -1.3121091534961151,
    1.4920175689795854,
    0.7226862724462884,
    0.7141276326945752,
    0.2090897154578205,
    -0.8924945501849078,
    1.1114013771712807,
    -0.864234362696991,
    -0.2331527085748092,
    0.821490592486648,
    -0.5726142282690903,
    -0.016836371509818815,
    -1.6081035375157915,
    -1.3917318184288896,
    -0.1401911294643724,
    -1.2438249417663692,
    -0.35064799354561976,
    -1.5009296296216588,
    -1.7355587623002386,
    -0.43031528417588705,
    -0.7225261481654092,
    -2.0685845329419705,
    -0.02275481873096094,
    -1.2553169786733052,
    0.5278105644815998,
    -0.13202453260287403,
    1.1373744554618541,
    0.0899052730368384,
    -0.29325878946712436,
    -0.8026292738882657,
    -0.174199363587918,
    0.7293571771282517,
    1.1129637884776875,
    -0.8036797964844322,
    0.1505852637515867,
    -0.6710547887360601,
    0.21982894568369932,
    -0.47417464199795906,
    -1.0429482784741286,
    -1.279056282913874,
    0.10970237040670294,
    0.3698234592324847,
    1.0262971108046808,
    2.192345334543669,
    1.8680676758810844,
    1.0005140497707683,
    -0.7247644034065114,
    -0.8572944614163578,
    -0.9593536565690449,
    0.6925146133266575,
    0.8222774732470566,
    -0.034423162128653075,
    -1.7050898195973472,
    -2.087046933017458,
    0.6309722758323381,
    -0.5126850338774688,
    0.26979954091613234,
    -1.361009845633727,
    0.05706512143977738,
    -0.47517103726876136,
    -0.9678767363870076,
    1.7905294833273797,
    -0.9867792859835487,
    1.514320439834243,
    -0.9136190624418158,
    -0.0951620043553415,
    -1.2090174028438676,
    -0.06748343891162875,
    1.0106028106891494,
    0.0857492645972017,
    0.9719915554224031,
    0.7183710298886647,
    1.183351985164829,
    1.3726823872176297,
    -0.1095056582068379,
    0.8126461283782428,
    -1.1981340176573396,
    -0.06667595670959059,
    -0.3948625085173923,
    -0.008791945355572267,
    1.8085094143491602,
    -0.4835876527026234,
    -1.3572169605347093,
    0.5719717580233691,
    1.9483337005611172,
    0.46251289484392616,
    2.745409677127375,
    -0.31590247412898104,
    2.0093848833123644,
    -1.017023485252449,
    -0.7990905492747558,
    -0.9104514186437807,
    0.19873258411984593,
    0.6773406284480623,
    -0.5201664563158387,
    -1.1395402349977977,
    1.2152264548638934,
    1.2042059612685718,
    0.4091654216116557,
    -0.1453221353319122,
    0.05898888660824486,
    1.601187354856495,
    1.0706545393200022,
    1.913118360241877,
    -0.7054927315574416,
    1.4167391360983246,
    -1.6314967620916203,
    0.1300845555510201,
    0.42045549146307515,
