{
  "generation": 19,
  "best_fitness": 27.707706365664063,
  "mean_fitness": 15.706194045397599,
  "best_genome": [
    0.0973653714817888,
    -0.24525840309384966,
    1.0791908324680224,
    -0.4736864762901454,
    1.3397840242604686,
    0.4739627013563606,
    1.0506624461550553,
    0.8800711202752215,
    0.13145712557841713,
    0.04508472059823698,
    0.9692454215427412,
    -0.0731757675035039,
    1.761016570857234,
    0.2545338185999245,
    0.9135868982765358,
    0.6626068362108398,
    -1.1531962036892855,
    -0.16065308744530235,
    -1.0606644461182162,
    0.9708302976769084,
    0.13936479782598382,
    0.31893642260270433,
    1.1065716500119422,
    1.0185925025170846,
    -0.9546050380045339,
    -0.36351819796244556,
    -2.3959951339218013,
    0.21978086168231908,
    0.5976395680191553,
    1.396487065175855,
    0.5164383136009988,
    -1.8871692846559933,
    -0.4570911986091556,
    0.585806387676864,
    1.002185297077899,
    -1.576125302473648,
    1.12171417325985,
    1.023695127753523,
    1.4036706987963954,
    -1.5111611525520148,
    -0.41988830781841563,
    -0.25044078035732553,
    -1.478733422899388,
    -0.016709913721349747,
    0.004885772556069672,
    -1.1698204283137,
    -0.06948605560198733,
    0.3598520547606434,
    -0.7209793289718134,
    -0.8229535482091336,
    -0.26926658775578494,
    0.26937205086079946,
    0.12140714549736224,
    0.46857974834636307,
    -0.004795295612678348,
    -3.4066367169725544,
    0.37721217878418856,
    -0.36268261310332195,
    1.0114504885479472,
    1.1138742769690286,
    -0.8370702018000029,
    0.32523771051844724,
    1.5450356369148808,
    -0.0316788940447249,
    1.1078653048672762,
    0.8886059007777558,
    -1.397881828373168,
    1.2450428473054704,
    -1.4054696345565192,
    1.4605558850728146,
    -0.6722313173961811,
    -0.2130494747697474,
    0.4201897697267732,
    0.8529460113084071,
    -0.4806133656124898,
    -1.579307913913361,
    3.9690288454864624,
    0.30814828457637344,
    1.279301194960452,
    -0.6214269606817382,
    0.7852813393729565,
    0.9755171038921078,
    1.6251143265845391,
    -0.7723729190169815,
    0.718653014325617,
    0.3863552036571272,
    2.0360009035603768,
    0.26091102437014085,
    0.06522613721449703,
    1.0375565451563273,
    1.217169802410994,
    0.5678276256317778,
    -1.4653688349307117,
    0.6147067853821527,
    0.052655412473374553,
    0.1372625129596418,
    -1.4371065857959346,
    -1.014255303835783,
    -0.3071070567148807,
    0.6077692099721553,
    1.5049113023071363,
    1.004507128094298,
    -0.8307832389884339,
    0.770885382975135,
    -0.3294783956415333,
    -0.023424295138727194,
    1.1613781980850044,
    0.769315700099287,
    -0.02817691476211471,
    0.9422039884828833,
    0.8688185608882506,
    -0.8351001258791343,
    0.11589921341471754,
    0.21486081575317012,
    -0.20890438975286932,
    -1.6740259775822386,
    -1.649809442776233,
    1.0980574938103786,
    -0.21051891649140608,
    1.6626154871688652,
    -0.5029450626179736,
    1.3534076045398669,
    0.6389772959825571,
    -1.2941720986584517,
    1.5726840275935337,
    -0.034829245684411404,
    0.4524514376323439,
    -1.933009546270497,
    -0.6776227459933825,
    -0.4365924677929717,
    0.17751254385161924,
    -0.6494789438591959,
    -0.2069691202874353,
    1.630573492102407,
    -0.8730211063007427,
    2.690342322089825,
    0.352199098865579,
    -0.20680656752164034,
    -1.1397149093507253,
    -0.606993012906474,
    -0.9823633995265115,
    -0.4006141439448415,
    -0.48957540195595534,
    1.4018461744817892,
    1.8171248218610998,
    0.1718823768865191,
    -0.22722383778712496,
    0.9631923609796498,
    0.5767815745391867,
    -0.02654230445314676,
    2.063235872771512,
    1.588634638425766,
    -0.7049177277594352,
    -1.1457151792559952,
    1.532327112138775,
    -0.22466347570056264,
    -0.5098367261928275,
    -1.154409986121443,
    -0.05870428358032358,
    0.30935152748236877,
    1.5587218803135905,
    -0.9971979660902996,
    -1.0965438642010532,
    1.0001722228819434,
    -0.7606967693001513,
    0.44408215109713134,
    -0.1788750096099714,
    1.4222523347535505,
    -0.6203020747849106,
    -0.976760586423668,
    -1.4603869137263323,
    -0.10500138988656793,
    0.6829623015793422,
    1.8535179641772572,
    -1.048417691105533,
    -0.7041910137799239,
    0.724143059707695,
    -0.6192297394089287,
    -1.3549570759034553,
    -0.9609603677418601,
    0.34340923789806593,
    -1.0170271472908843,
    1.3340381799790728,
    0.8314652509634494,
    2.9839965141975062,
    -0.11293708949241518,
    -0.28032983828320784,
    0.4213629898075548,
    -0.5424653139867701,
    0.9569634177816596,
    -0.9301641695714415,
    2.4818903042747804,
    -0.7318662869221161,
    0.7720201893816991,
    -0.677007729783753,
    1.545756232108027,
    1.122067080817299,
    1.2042480684858858,
    0.3465467412867336,
    -1.2143959441028358,
    -0.3777089188178091,
    -1.9825385614156001,
    0.1706540545459259,
    -2.0645698333180267,
    0.09617307375756559,
    -0.40781667956122347,
    1.596414701599752,
    1.9170372009929788,
    0.8865839924128515,
    1.3005990966656595,
    -1.8183378044736394,
    -1.3121091534961151,
    0.6463311216096316,
    0.5299354975822596,
    0.7141276326945752,
    0.2090897154578205,
    -0.8924945501849078,
    1.1114013771712807,
    -0.864234362696991,
    0.6544165804144855,
    0.821490592486648,
    -0.5726142282690903,
    0.31530063281077036,
    -1.6081035375157915,
    -1.3917318184288896,
    0.4245354565727364,
    -1.2438249417663692,
    -0.35064799354561976,
    -1.5009296296216588,
    -1.7355587623002386,
    -0.2658680942847166,
    -0.7225261481654092,
    -1.4254342476312238,
    0.010052117087532496,
    -0.5339967864755605,
    0.5278105644815998,
    -0.13202453260287403,
    1.1373744554618541,
    0.0899052730368384,
    0.8416164559264041,
    -0.8026292738882657,
    -0.8447940399366274,
    0.7293571771282517,
    1.1129637884776875,
    -0.8036797964844322,
    0.1505852637515867,
    -0.6710547887360601,
    0.21982894568369932,
    -0.47417464199795906,
    -1.0429482784741286,
    -1.279056282913874,
    0.10970237040670294,
    0.3698234592324847,
    1.0262971108046808,
    2.192345334543669,
    0.22297135340263594,
    0.1389497882206554,
    -0.7247644034065114,
    -0.7372024876806538,
    -0.9593536565690449,
    0.6925146133266575,
    0.27168859644816734,
    -0.034423162128653075,
    -0.5741003000355926,
    -2.0719114082941443,
    0.6309722758323381,
    -0.5126850338774688,
    -0.019405135396193346,
    -1.361009845633727,
    0.7861430495962647,
    -0.47517103726876136,
    -0.5180507896398463,
    1.7905294833273797,
    -0.9867792859835487,
    1.514320439834243,
    -0.9136190624418158,
    -0.0951620043553415,
    -1.2090174028438676,
    -0.06748343891162875,
    1.0106028106891494,
    0.0857492645972017,
    0.9719915554224031,
    0.7183710298886647,
    1.183351985164829,
    1.3726823872176297,
    -0.1095056582068379,
    0.8126461283782428,
    -1.3531040254390956,
    0.6195910737460493,
    -0.16731215011214823,
    -0.06052214689750177,
    1.8085094143491602,
    -0.4835876527026234,
    -1.3572169605347093,
    0.5719717580233691,
    2.160844416044067,
    0.46251289484392616,
    1.710151149905811,
    -0.31590247412898104,
    2.0093848833123644,
    -0.6886373346774528,
    -0.7990905492747558,
    -0.6627737728833302,
    0.19873258411984593,
    0.6773406284480623,
    0.3644355164842811,
    -0.5746906284067185,
    1.2152264548638934,
    1.2042059612685718,
    2.373245074653078,
    -0.1453221353319122,
    -0.19870726726131804,
    1.601187354856495,
    1.0706545393200022,
    1.913118360241877,
    -0.7054927315574416,
    1.4167391360983246,
    -1.1853460480174796,
    0.1300845555510201,
    0.42045549146307515,
    0.005934255837356788,
