{
  "generation": 2,
  "best_fitness": 128.4713231612626,
  "mean_fitness": 15.54270932566394,
  "best_genome": [
    4,
    2,
    2,
    3,
    2,
    4,
    2,
    2,
    0,
    4,
    0,
    1,
    0,
    1,
    2,
    4
  ],
  "all_fitnesses": [
    128.4713231612626,
    16.937959785778332,
    -17.857525915356575,
    -72.16696678356135,
    1.271089761125836,
    37.34396275080388,
    45.68694842439345,
    50.35200492715239,
    40.74539443647927,
    95.28881942256794,
    6.442844368240401,
    17.495272130550234,
    62.806483824618,
    29.647922040390483,
    -14.512945658942783,
    -49.75442095766164,
    12.175469325209065,
    -67.36140370647297,
    -8.262872821975861,
    -3.895172001321896
  ]
}