{
  "generation": 1,
  "best_fitness": 100.2445083695273,
  "mean_fitness": 14.306533029789586,
  "best_genome": [
    3,
    2,
    2,
    4,
    2,
    4,
    3,
    3,
    1,
    0,
    3,
    4,
    3,
    1,
    4,
    2,
    4,
    0,
    4,
    2,
    0,
    4,
    0,
    2,
    2,
    1,
    2,
    3,
    1,
    3,
    4,
    0
  ],
  "all_fitnesses": [
    90.72780876288238,
    20.779062586400585,
    -12.292531291994408,
    -8.387284946188629,
    22.55303912848609,
    54.086113065996074,
    10.910982969433462,
    -0.16389375545185203,
    29.076649279199273,
    0.42798517330135155,
    33.70736646260417,
    57.830245089756204,
    100.2445083695273,
    0.8006787403310227,
    -32.8337565393029,
    7.401363739123781,
    -52.668541033249085,
    2.019742680401066,
    -0.43309849310634263,
    -37.65577939235783
  ]
}