{
  "generation": 1,
  "best_fitness": 2.0596343824289387,
  "mean_fitness": -0.32588976382131873,
  "best_genome": [
    1,
    4,
    4,
    0,
    0,
    0,
    3,
    1,
    4,
    0,
    1,
    0,
    0,
    3,
    1,
    0,
    3,
    3,
    1,
    4,
    3,
    1,
    0,
    3,
    0,
    4,
    3,
    2,
    1,
    1,
    2,
    3
  ],
  "all_fitnesses": [
    -2.609424985756758,
    2.0596343824289387,
    -0.17974018037491366,
    1.5736844836845283,
    -2.2796710269520157,
    0.11372793816083718,
    -2.68144673132161,
    0.2164985542614204,
    -0.2259853294767322,
    0.31507391504591714,
    -0.20174439805786507,
    0.07197441129298825,
    0.0020223194339905604,
    -0.705470736472498,
    -2.268609172351228,
    0.8425206992656058,
    -1.3047753903639274,
    0.9354241815046999,
    0.11313239588252835,
    -0.3046206062602816
  ]
}