{
  "generation": 4,
  "best_fitness": 101.47444399765749,
  "mean_fitness": 47.93269507863272,
  "best_genome": [
    1,
    2,
    2,
    2,
    1,
    1,
    1,
    4,
    1,
    2,
    1,
    1,
    1,
    4,
    2,
    4,
    2,
    0,
    2,
    1,
    3,
    2,
    3,
    1,
    1,
    1,
    0,
    2,
    1,
    2,
    1,
    3
  ],
  "all_fitnesses": [
    97.59690373698396,
    78.68273964497695,
    35.58732411789356,
    -76.11538854431274,
    51.44471921133004,
    -36.9099756475531,
    54.57386450399707,
    42.513807679543845,
    23.729876818849448,
    91.20515752063312,
    97.07669566972089,
    82.46274627250256,
    -15.296771527248836,
    101.47444399765749,
    98.53714092969005,
    75.66236551589236,
    19.096828833723237,
    9.682287756787389,
    96.42166516962709,
    31.22746991195993
  ]
}