{
  "generation": 1,
  "best_fitness": 169.0395868834512,
  "mean_fitness": -21.51359705015226,
  "best_genome": [
    1,
    2,
    2,
    2,
    2,
    3,
    4,
    1,
    0,
    2,
    2,
    0,
    4,
    0,
    2,
    2,
    4,
    2,
    2,
    0,
    4,
    0,
    0,
    2,
    2,
    2,
    1,
    4,
    1,
    0,
    1,
    4,
    2,
    2,
    0,
    0,
    1,
    1,
    0,
    4,
    0,
    4,
    3,
    3,
    2,
    0,
    4,
    1,
    0,
    1,
    2,
    1,
    1,
    1,
    0,
    0,
    3,
    4,
    3,
    1,
    2,
    1,
    0,
    0
  ],
  "all_fitnesses": [
    -64.01169083793542,
    -14.580221795379657,
    88.92234895865704,
    6.261876682212176,
    37.5735749471574,
    28.284182525715153,
    -72.77617264570631,
    108.44411901854414,
    -181.68561785962896,
    -59.47291087974651,
    -600.1740144135963,
    -20.825608465114612,
    13.992801090466287,
    -9.393791349467165,
    73.71299581704409,
    9.514203131095599,
    1.0417657137493848,
    58.317801916860276,
    -2.457169441422991,
    169.0395868834512
  ]
}