{
  "generation": 9,
  "best_fitness": 345.78840260565653,
  "mean_fitness": 29.46529886080814,
  "best_genome": [
    1,
    2,
    2,
    0,
    3,
    1,
    2,
    0,
    3,
    0,
    4,
    1,
    2,
    0,
    2,
    2,
    4,
    2,
    2,
    0,
    4,
    0,
    0,
    2,
    3,
    2,
    1,
    2,
    1,
    0,
    3,
    4,
    2,
    2,
    0,
    0,
    1,
    1,
    0,
    4,
    0,
    1,
    3,
    1,
    2,
    0,
    4,
    1,
    0,
    1,
    2,
    1,
    1,
    1,
    0,
    0,
    3,
    4,
    2,
    1,
    1,
    1,
    0,
    0
  ],
  "all_fitnesses": [
    345.78840260565653,
    100.34507571709338,
    -26.175205451797723,
    -62.621488645881215,
    -47.870270457907935,
    87.3119481295854,
    55.368064192528266,
    -70.58002378409253,
    69.81978738826763,
    35.18848111228516,
    -111.440184538822,
    -116.49971389468277,
    122.86042480154237,
    -19.70042762231617,
    139.96478858193757,
    101.91403384853487,
    91.25885417818137,
    -53.68469612724522,
    -103.35689679311625,
    51.41502397641193
  ]
}