{
  "generation": 2,
  "best_fitness": 2.0596343824289387,
  "mean_fitness": 0.03981009726446101,
  "best_genome": [
    1,
    4,
    4,
    0,
    0,
    0,
    3,
    1,
    4,
    0,
    1,
    0,
    0,
    3,
    1,
    0,
    3,
    3,
    1,
    4,
    3,
    1,
    0,
    3,
    0,
    4,
    3,
    2,
    1,
    1,
    2,
    3
  ],
  "all_fitnesses": [
    2.0596343824289387,
    -0.24544443771449226,
    -0.12745955671171624,
    -0.021589328693047114,
    -1.5340065063921065,
    -0.018473867539565196,
    0.797651920550883,
    0.21857652995288188,
    -0.5581972148447634,
    1.0523034480092224,
    0.12966595034321976,
    0.1880954140518701,
    0.2865445423567289,
    0.19956096615879915,
    0.2547846461864428,
    -0.05175738924362332,
    -3.4706955451012527,
    -0.14034967262708978,
    0.29624834032721603,
    1.481109323790674
  ]
}