{
  "generation": 5,
  "best_fitness": 343.50870893764437,
  "mean_fitness": 94.01452273750144,
  "best_genome": [
    1,
    1,
    2,
    0,
    3,
    1,
    2,
    0,
    3,
    0,
    4,
    1,
    2,
    0,
    2,
    2,
    4,
    2,
    2,
    0,
    4,
    2,
    0,
    2,
    2,
    2,
    1,
    4,
    1,
    0,
    3,
    2,
    2,
    2,
    0,
    0,
    1,
    1,
    0,
    4,
    0,
    4,
    3,
    3,
    2,
    0,
    4,
    1,
    0,
    1,
    2,
    0,
    1,
    1,
    0,
    0,
    3,
    4,
    3,
    1,
    1,
    1,
    0,
    0
  ],
  "all_fitnesses": [
    343.50870893764437,
    4.856081998572961,
    235.2705778465342,
    -33.83646770039897,
    184.8393219340452,
    81.5956839943654,
    43.323819953134205,
    52.60724340090832,
    183.05026399258236,
    -62.378328066742995,
    83.45973076019749,
    182.03355132838192,
    289.7150564708341,
    26.136765057465425,
    -95.95413220401616,
    37.07575255135998,
    216.89051847511934,
    174.44169389557732,
    32.7970264636117,
    -99.14241433914748
  ]
}