{
  "generation": 1,
  "best_fitness": 128.4713231612626,
  "mean_fitness": 20.014807730441852,
  "best_genome": [
    4,
    2,
    2,
    3,
    2,
    4,
    2,
    2,
    0,
    4,
    0,
    1,
    0,
    1,
    2,
    4
  ],
  "all_fitnesses": [
    -8.174830213977941,
    128.4713231612626,
    -14.64241146927941,
    103.56849859157126,
    -17.89003319346807,
    54.7326574173174,
    27.13838602731829,
    -11.786313459322855,
    75.15408554128788,
    2.3900774545077184,
    -1.008781336264292,
    -3.3758990102263624,
    18.083578465831977,
    9.53881147895305,
    -1.1844369025254764,
    4.614576502019588,
    -22.533512829805318,
    17.73738407733572,
    36.71209558685911,
    2.7508987194422048
  ]
}