{
  "generation": 3,
  "best_fitness": 97.59690373698396,
  "mean_fitness": 36.54512066986092,
  "best_genome": [
    1,
    2,
    2,
    2,
    1,
    1,
    1,
    2,
    1,
    2,
    1,
    1,
    1,
    4,
    2,
    4,
    2,
    0,
    2,
    1,
    3,
    2,
    3,
    1,
    1,
    1,
    0,
    2,
    1,
    2,
    1,
    3
  ],
  "all_fitnesses": [
    97.59690373698396,
    37.862032459352804,
    12.470578314786223,
    8.005279678298677,
    86.75205149209268,
    -43.670322592440186,
    56.25873012815356,
    69.40351906575097,
    45.209810514656965,
    -25.787844190081557,
    68.87252983608835,
    80.56706588314808,
    37.04219304467716,
    -10.663593846690219,
    57.00146215339089,
    41.04380301828985,
    20.269468222524665,
    9.34419495308822,
    55.26485934925864,
    28.059692175888813
  ]
}