{
  "generation": 1,
  "best_fitness": 332.82847078757356,
  "mean_fitness": -54.88120043552141,
  "best_genome": [
    0.27516491605848203,
    0.49603126388663,
    1.664335320171783,
    -2.542969529650316,
    0.5818444437291502,
    -0.22118593036403586,
    -0.11570074885103689,
    -0.34188853450980494,
    -1.907277703817395,
    0.12600854180629648,
    -0.21701399150386205,
    -0.6666619082913544,
    -1.1554834950133914,
    -1.2653860406135036,
    0.7743500067354617,
    1.461334456059386,
    0.22045729312464338,
    -1.1979236331729894,
    1.0477968719977693,
    -0.40154572039474756,
    -0.12536492648855635,
    0.7127572655899527,
    0.5608842636373228,
    2.3559717328222063,
    -1.4907768278362297,
    -2.024921367763038,
    0.07937524919369648,
    0.41442768271756375,
    1.8901840169405206,
    1.2018347031493475,
    2.601588178555694,
    -0.4065691884941008,
    -0.7228658128230037,
    0.045586865606017136,
    -1.0763934823125278,
    -1.065300192161999,
    -0.22067929367093211,
    0.7236729374948391,
    1.261087693990902,
    1.6436661937132402,
    0.21425099968958192,
    0.286815399409912,
    0.8167059206670767,
    -0.7703641537689923,
    -0.5654509677792878,
    -0.33815851183639667,
    0.8273746872727903,
    -0.17737189170076623,
    0.32179495999236496,
    -0.28616766413533,
    0.504910862974962,
    0.8587454681470944,
    -0.18343160607208908,
    0.6103632934118512,
    -1.9816703006343044,
    1.1517353603867804,
    -1.5084971229761859,
    -0.5445618616074686,
    -0.7595063309920213,
    0.9873816986950925,
    1.5325020545224086,
    0.40862520511646966,
    1.2782543226644631,
    -3.2094139263973327,
    0.32687970452856163,
    1.0028884503089184,
    0.5655676055707675,
    1.5078753944847851,
    -0.5599557860328991,
    0.18010124878058584,
    0.3608603934067753,
    -0.4410471907387541,
    -1.5878415118400524,
    0.17839006614361969,
    1.2795246813290675,
    0.02155353343068283,
    1.0297151861099667,
    -1.2370501314478914,
    -1.0797770070533108,
    -0.06445191683244475,
    2.4281347184949937,
    1.0669569071870488,
    -1.2303633048195812,
    0.2211754926681042,
    0.2460253339505098,
    0.9465462062257587,
    0.11464298109282045,
    -0.9917693724286804,
    -1.2985582296040215,
    1.788204356105402,
    -0.3519684637425543,
    -1.1873332883117522,
    -1.1801067300397354,
    1.3393262235722143,
    -0.44239677001560485,
    1.995508116134024,
    -0.028533914925936894,
    0.8614020915327061,
    1.5392146705953496,
    0.07549299272385564,
    -0.010461220131374295,
    1.2034977608663988,
    0.3434350554631962,
    1.1173004100901465,
    -0.48901962791900305,
    0.3521307392060877,
    0.45754604877823113,
    -0.21394521776620085,
    0.4376053430107314,
    -0.22883100358768502,
    -0.1708492710165523,
    -0.12707125773428,
    0.9370520310126798,
    -0.21515843928930337,
    -0.1611934446026981,
    1.730266249413611,
    1.4613608896883485,
    -0.9080527041636127,
    -1.5312565674691598,
    0.8974503760404023,
    -1.0822088061140616,
    -1.071030117683805,
    -1.742727512425587,
    -1.4382413793903515,
    -0.3184250269849788,
    -2.5123367590990515,
    0.2620225091330371,
    0.45945249224786455,
    -0.03517341520461671,
    0.9161224776194985,
    0.2197728106309597,
    0.048879906402905654,
    -0.4152045613863633,
    -0.3909231090885964,
    -1.199134263526611,
    1.1040264001130902,
    -0.6573686474066197,
    -0.6058449529356094,
    -1.83608004789455,
    1.252480313320227,
    0.34642683593843715,
    -1.0812424285217925,
    0.030754563861165183,
    -0.836661404558618,
    -0.8163515839696339,
    -1.0611898517835474,
    -0.45376520463796716,
    -0.39133095321226796,
    -0.6104339909608754,
    -1.5939455168058667,
    -0.8457874966990759,
    2.0341009225759823,
    0.43909734032847975,
    -0.6972636435453132,
    0.29766374418264935,
    0.3968958703140457,
    -0.4666935279052925,
    -0.2148792217807634,
    -1.4654156576903967,
    1.2194316802465397,
    -1.804110200313148,
    0.09658487820602356,
    -0.1561667897057476,
    1.8009891387360528,
    -1.4312565882402724,
    0.20985950188272695,
    -1.1012792646485303,
    1.6842762690551203,
    -0.363585084505724,
    0.4296472492640934,
    -0.21805004247740775,
    -2.9241032830014757,
    2.6089950055904554,
    -0.6728162310187124,
    -1.2925974437728587,
    -0.7023479885635229,
    2.05282644634662,
    1.7685600057269333,
    -0.8120559433164994,
    0.35012860503604454,
    -1.6321359505213078,
    0.32411601942015694,
    0.08390078186685725,
    1.4178999839530018,
    -0.2629343063806483,
    0.765242998890895,
    0.7466903704741602,
    -1.8010824514434662,
    1.2974874532199652,
    -1.2188914566470077,
    -0.2845645958474891,
    -0.20580710578502984,
    0.9802389575251437,
    -0.9689785592992785,
    -0.18248044240357428,
    0.24383418160223738,
    1.2504589648920572,
    -0.34965637073303035,
    -1.4050157973183628,
    -0.27827854174948863,
    1.303290960011713,
    0.6514938505091051,
    0.36549081348717966,
    -1.6326656807407267,
    -0.20479347589419006,
    0.8010220197474455,
    0.13902996438461804,
    1.0088784462040246,
    -1.0784679070555387,
    0.8245848160878513,
    0.28514451847857986,
    0.8437241302979825,
    -0.26855480372223856,
    0.04085069369994863,
    0.9369497582020478,
    -0.8776598626963694,
    0.28735862876708634,
    0.39881558082368124,
    -0.5528524550070985,
    0.7420530637871651,
    -0.6627989258221382,
    -1.0424977927436545,
    -0.41461237451129973,
    0.2941094662230051,
    -0.38843306215065476,
    1.8912431159567193,
    -2.142248499262717,
    1.194081737331494,
    0.7635584568153225,
    0.03761816589842855,
    1.1663326585452536,
    -0.277788017731902,
    -0.2829634342658144,
    -0.9547520446552145,
    -0.27282523045983403,
    -0.8578319269446817,
    0.47906573144088377,
    0.7521812242007352,
    -0.7479315409438452,
    -0.4631592086636023,
    -0.9868604995838812,
    -0.015575731964356486,
    -0.8198176735939516,
    -0.10993899299393364,
    0.8057661966708378,
    0.8847273448514085,
    0.589983947660191,
    0.1308810345590296,
    0.7811165080921502,
    -0.588146345316464,
    1.2764856543311436,
    0.7625242037383848,
    -0.7836983075444185,
    -0.5469426422872455,
    -0.6857197693425316,
    -0.6690099492643509,
    0.2963633387688684,
    0.3422490499756639,
    0.8303530745642558,
    -1.0549211835896894,
    -0.8037923209707916,
    -1.1851563159171778,
    -1.3207796937602903,
    1.4754451890115237,
    -0.3618393474166981,
    1.3274942293223468,
    -1.2058052512688773,
    -1.7697608343298226,
    0.941725293350592,
    -0.6298856717920289,
    -0.9088912286458256,
    0.2866502981451093,
    1.015879669524613,
    0.3749947513853399,
    0.876056896669842,
    -0.8661517864725472,
    -1.2535724924277822,
    1.818187516509692,
    -0.6434064169249797,
    1.1582649608980828,
    -1.3633088758397953,
    -1.7005258661862048,
    0.636309135799587,
    -2.556509618433885,
    0.8877905788432354,
    -1.3685337220026277,
    0.002841972570140985,
    0.9459514671146535,
    0.9068072584387027,
    -0.14650159970620902,
    0.33419709156223104,
    -1.1461944542834157,
    -0.5275683898398787,
    -0.5408589163053931,
    -0.5162055387174344,
    1.5090312305068927,
    0.4541754309076789,
    -1.2783649209850574,
    -0.5940419857049557,
    1.1406554399626776,
    0.23664333715653382,
    0.9589601504987979,
    0.29466676548418136,
    -0.00517370549038583,
    -0.7982999573686025,
    -1.0489805170381425,
    1.2395162908536843,
    0.7069242021129771,
    -0.17499804795885565,
    -0.3787651178775015,
    -0.9937671453720568,
    -0.761459473243878,
    0.3288237000455478,
    2.99850734824529,
    -0.7026597306079057,
    1.7296205929239716,
    -0.4696192164643186,
    1.5725597362730122,
    -0.7280400207337587,
    -0.1175689067299768,
