{
  "generation": 2,
  "best_fitness": 3.4350759334158543,
  "mean_fitness": 1.0252752463275987,
  "best_genome": [
    -0.7843827898645861,
    -0.05635668257114733,
    0.9934344762363225,
    -0.45326419583255867,
    0.8983507444443692,
    1.2107275481316027,
    0.10772772901358899,
    0.12358770211380914,
    -2.2278469219489976,
    0.8009982765940776,
    -0.8506291703906553,
    -0.7328819485189165,
    1.3866433863886483,
    -0.14711879190924645,
    0.18881784105052693,
    0.0660563550712954,
    0.11032596036177919,
    -1.7339977381087184,
    2.304877427968192,
    1.0076453503080718,
    -1.6716530161791814,
    0.10815604341514125,
    -0.6741169529496702,
    1.0578389902617726,
    -0.6297160160067725,
    -0.6052456167326651,
    -0.7547420908128343,
    0.24048644400785868,
    0.27905738478381015,
    0.6618754841890249,
    -1.5620962269479668,
    -0.5579236527034457,
    0.4096318718309213,
    0.1407751351548621,
    -0.1059577772714531,
    0.8542313425719109,
    -1.17720351442067,
    -0.661729715357404,
    0.1556615338585027,
    -0.4693851024577216,
    -0.4835298538308959,
    0.5974443362751951,
    0.9938088416115467,
    -0.11509388352168202,
    -0.26973930507061966,
    -0.5469218084659968,
    -0.31257800038822053,
    0.5828732412521228,
    0.5560796515853653,
    -0.4782791157333115,
    0.571571293237161,
    -0.22379604661466312,
    -0.7398298051757541,
    0.4330554349583878,
    0.4645052186698114,
    -0.9928444485275962,
    0.7366107903794583,
    1.1308676307620777,
    0.5365008493575805,
    0.3383550895773173,
    1.0215225036328859,
    -1.0200978199342379,
    -0.070857076501501,
    -0.9563338995074646,
    0.6257531614437626,
    -1.1264161185844874,
    1.9116619358593954,
    1.4716964784500473,
    0.13615857409032678,
    0.2968193846207608,
    0.24941789174888973,
    -0.0003655685418056496,
    -2.075343703172966,
    -1.1848561105382123,
    -0.3396581746972995,
    -1.995243310388042,
    0.3905575636400081,
    0.23834600168202955,
    0.7681385240154482,
    -0.24637350223684412,
    1.430594568028246,
    1.0217438919879689,
    0.9066276323037958,
    0.2605835830137037,
    0.9307291220471878,
    -0.09764747614348748,
    -0.04839629020357055,
    -0.3311839988711542,
    -0.2518205591820444,
    1.1139121645390861,
    0.04694855847769548,
    -1.771871971351237,
    -1.561734741455728,
    0.9570034519154392,
    -0.22688680241388998,
    -0.016022467649991233,
    0.3727347842147197,
    -0.3009242586531596,
    -1.186986163587128,
    1.9354200619178754,
    -0.040989894599607266,
    0.37290769906396487,
    0.9535748130701259,
    0.10404670754769058,
    1.5766559016549786,
    -1.5034924734124313,
    -1.640054265281327,
    0.3500838809102039,
    1.1558739067386719,
    0.6858388669672618,
    0.5643233115363868,
    1.6353927145109122,
    -0.37974121561954066,
    -0.2691384039017147,
    1.320814470595859,
    0.6737199463021687,
    -0.43639535535242563,
    0.880456348645339,
    -0.764271915626457,
    -1.5011659602750103,
    -1.7841948539264738,
    -0.21199832258077841,
    -0.6888203862627486,
    -1.0574866723639267,
    0.4963544742439729,
    0.37985714191712905,
    0.3415166155932375,
    1.321982596265961,
    1.1899307487538757,
    1.6681833766662277,
    0.1704473752240867,
    -0.6586926558548416,
    -0.24340589102138177,
    2.784870411228216,
    -0.49507466195410493,
    0.5348811270862793,
    0.640375084836065,
    2.6715071852224894,
    -1.3403424376191924,
    -0.5432172178750246,
    0.8030341809261777,
    -1.3914449361627996,
    0.7319764486911455,
    2.7183559540665523,
    0.4726277617781842,
    -0.4240373671267972,
    0.7478444438152736,
    1.2075434477523046,
    -1.117116367268252,
    0.08298853224880871,
    -0.42689968032081926,
    0.03985793548249732,
    -0.159705726880297,
    -0.46507055693034083,
    -0.8767514454918536,
    0.3145046413682316,
    0.09989111583875718,
    0.5559270555222517,
    -1.5808974210373223,
    -0.3036923952133746,
    -0.22246601173799052,
    0.546019537960128,
    -0.14279809189285567,
    -1.559088986416824,
    -0.4139153963130595,
    1.0823837474929738,
    0.13436193351920583,
    1.976906818465609,
    -0.2900643720205471,
    -0.28198517462965356,
    0.35589352756338494,
    0.17410469168318785,
    2.8064820069170024,
    -1.4867871115543783,
    -0.238139706088149,
    1.1390495639915215,
    0.322672054634981,
    -1.4168289239527305,
    -1.2171690131741086,
    0.22842943331139912,
    -1.7715852305423292,
    -0.27010692374749645,
    -1.1855373755824499,
    0.17787169174485523,
    0.2287590637726156,
    -0.2642162758984689,
    -3.380900671988258,
    -1.5434867949571154,
    -0.315361007038916,
    1.3101988861227456,
    -0.4040838957028667,
    0.565775195073368,
    0.1462612124978636,
    0.1073706747862353,
    -1.6473192098021348,
    -0.3300674555428021,
    -1.0435467188802683,
    -0.02801737690261365,
    0.030653624409488527,
    1.2841622356523845,
    1.4673702426674433,
    -0.3720957906460682,
    -0.5748975671143542,
    1.212496712012931,
    -0.28371389800961216,
    -0.13686337153906564,
    -0.6478730031245483,
    0.07142284688788679,
    -0.27031898798121906,
    0.8904941980053315,
    -0.688223235137723,
    1.2666188546572155,
    -1.9278262319149033,
    0.10500696076104403,
    1.0102064679668123,
    -0.10038309221835814,
    -0.17013676447453252,
    -0.23724277523951176,
    -1.7728802949298152,
    1.523141601184158,
    0.10888982059245988,
    -0.04948183389348666,
    -0.5364114964146744,
    -0.4500191150918004,
    -0.23586511274194485,
    -0.09299044816308243,
    0.2658684002994633,
    -0.6676535751015401,
    0.8553524255531662,
    0.30895386420767645,
    -0.058341796641869954,
    -0.37467107835468466,
    -0.6988686028721381,
    -0.32522520929561566,
    1.437371103904129,
    0.46721571020444785,
    -0.9660350388618633,
    1.3203526017097929,
    0.03431575795917642,
    0.8248725448837748,
    0.45385390141684046,
    0.4351845074673338,
    1.3285134193354957,
    1.8190761092691443,
    -1.8513456625551827,
    -0.8708956334676589,
    0.9471240477375455,
    -0.21691810040990225,
    1.263327025420695,
    0.21089407074035946,
    1.3899208074199791,
    -1.0826840290078878,
    -0.013511546904742405,
    0.8491553355275339,
    0.743137826914999,
    -1.8388159984620582,
    -1.2383383539102555,
    0.18927508461438997,
    -1.1333479775115847,
    1.259203071688381,
    0.3705170972582121,
    -0.11251092978846151,
    0.20949075146300444,
    -0.8789338671448704,
    -1.5961896958188875,
    -0.07183124310840938,
    -0.7341994024397598,
    -0.012807804963067953,
    -0.8840626316652753,
    1.0094011538754486,
    -0.17198330953884694,
    -0.7088301982001634,
    -1.5857134372993802,
    -0.5890323351960474,
    0.18832731312004614,
    1.3832953721397485,
    0.4628127684127487,
    2.567403595189547,
    -0.2403461811567528,
    -0.7595025158330904,
    0.025896582706784323,
    0.6118129753220326,
    0.2500922218931711,
    0.6017023306242978,
    -1.8058254201483592,
    -1.1921942434167205,
    0.34197730474744364,
    0.5563072521225058,
    -0.5352391816747061,
    -0.23191886489283442,
    0.502801745604925,
    -0.241985852226613,
    0.3591779781995576,
    0.8040577525958267,
    0.25867439178740614,
    -0.1948106563794287,
    1.6221600095389443,
    2.0698445352328325,
    0.137786296853014,
    0.805491817227536,
    0.8818794353603361,
    0.008813762007046628,
    0.2465220407358316,
    1.8759493809532577,
    2.5900650290903684,
    -0.9090799891945744,
    -0.7403675291489691,
    0.862270627821346,
    -0.12469277410961564,
    -1.471511920353779,
    -1.082926831868602,
    -0.9544107451462565,
    0.2843411871935903,
    0.2355925035769818,
    0.40978183814083213,
    -0.4014611372887825,
    -0.684067032431934,
    0.18478642946052598,
    -2.0124633831243504,
