{
  "generation": 5,
  "best_fitness": 6.360006667980858,
  "mean_fitness": 1.9764221919201348,
  "best_genome": [
    -0.2886574973726514,
    0.7014743272067561,
    -0.8701539371915114,
    0.2620957042800744,
    -1.3121361105089373,
    -0.2496717462591136,
    1.0249945205728253,
    -0.13601353297958696,
    1.1037595204445552,
    0.8631137016695738,
    -0.629865300260505,
    0.7809940391619709,
    -0.39266808492158434,
    0.6158244269030205,
    -0.8188309085238924,
    -0.5969047634950431,
    1.4859891445946531,
    -0.9241310129324788,
    1.819379146546186,
    -0.6431371680275981,
    -0.09155873100532061,
    2.236279954210222,
    -0.21169058804693455,
    -0.5889250998326507,
    1.513635975693709,
    -0.8165944838577496,
    -1.2698481381396711,
    0.282514878382281,
    1.5099206228248792,
    1.0750320873609938,
    0.5999496533545042,
    -0.01329537484179936,
    -1.057309167499587,
    0.8047324561159211,
    1.1187808235096959,
    -1.2327680954060707,
    -1.3378582650963757,
    -0.18602880398560454,
    -1.3268697241877294,
    -1.682531109739765,
    -1.4683915938922936,
    -1.4841605641608426,
    -0.8740639851672768,
    0.26003117680124693,
    0.04496960208188517,
    0.15411848146155896,
    -0.04343388137620134,
    0.07437853342960137,
    -1.0931198690549646,
    -0.5329718885638302,
    0.5460015328439873,
    0.41756247950292247,
    -0.5847130079787104,
    1.0921780004426032,
    -0.744481595508838,
    0.7186814222668594,
    -1.2099380785583258,
    -1.2926540673391549,
    0.5763561035847864,
    0.43006747465452083,
    -1.6183976595686413,
    -1.254501420913317,
    -1.4973379098693116,
    -0.4776508751313077,
    1.5506918792144484,
    0.1656589316109892,
    -1.1843142868856757,
    -1.998050554135673,
    0.05780117292201368,
    0.310769653590905,
    -0.15490301011400132,
    1.725972926553863,
    -0.056872133076430686,
    -0.13218466202818108,
    -1.0329584435240575,
    2.4831236776647128,
    1.3822711339720448,
    1.4687366631676189,
    0.1822095453491869,
    0.45097807763785863,
    1.400411816235105,
    -1.4887947617920245,
    1.479621762769303,
    -0.07768982316956943,
    1.494228014757708,
    -1.0218048271354547,
    0.2657197629910377,
    -0.17875167453721266,
    -0.2618845448172549,
    -0.1314838588678997,
    -1.6713954420515287,
    -0.18596726451343704,
    1.7115044446468448,
    0.022244165098451552,
    -0.3541290086934704,
    0.322506331189885,
    -1.0186585280111873,
    -2.1266637427710156,
    1.4753336788299487,
    0.4012157575211683,
    -0.4876509628674322,
    -1.321559552519026,
    -0.9621753510746649,
    -0.3730908830724934,
    -0.1839404306461999,
    -0.756553356448026,
    -1.1367699901783612,
    -0.2010306423778961,
    -0.27028007494701906,
    1.3462328665251866,
    -0.576676177462543,
    -0.5747367898561822,
    0.7061505660221197,
    0.02541429204044419,
    0.9415855233408998,
    -0.9743083512794849,
    -1.1418867407195568,
    0.34617593732875285,
    0.8441364455306363,
    2.572691533859656,
    -1.218578742398293,
    -1.5590268289182476,
    -3.2670448920768154,
    0.4602356339300987,
    0.15341272444742,
    2.8405001772839658,
    0.3716016470719077,
    0.47697427197808373,
    0.9831782324173294,
    0.6834212327070126,
    1.963542021048202,
    -2.1560320052935356,
    -0.3083487417418558,
    -0.943562037973455,
    1.042086480483073,
    1.2394333647414357,
    0.6677526416124128,
    -0.5638173489524069,
    -0.603002159248109,
    1.2656705170012748,
    -0.8036383152344759,
    0.6266927835056212,
    0.6827519499112369,
    0.13949253958517494,
    2.406764921209955,
    0.6742803540613773,
    -1.4373035400245238,
    0.9642812815072233,
    -1.8858113327221302,
    0.6811001834682624,
    0.9588099071119626,
    0.7672852326526768,
    0.6153449628598274,
    -0.011123193234571989,
    2.1153107506320445,
    -0.10051026124268739,
    -0.6805444928813889,
    -0.6841954667773498,
    0.755495064420525,
    -1.2552777011639518,
    1.4853063442297163,
    0.16830680230279269,
    0.7776553599328646,
    -1.0692308330686442,
    -1.4132097480659065,
    -0.7266162167250726,
    -1.5521557107380541,
    1.8895960307901165,
    -0.2816692379421432,
    -1.0149067780174221,
    -0.08900046588921882,
    -0.7438645408529496,
    -0.4794631577244338,
    -0.5452758997746975,
    0.3594946204382982,
    -0.6405825964644583,
    0.9236369786204075,
    -1.2084941570091527,
    -0.41338463588148333,
    -0.3460469183262511,
    -0.5925203733316564,
    -1.9017730339988879,
    -0.27764135254614064,
    -0.07591935876994046,
    -1.956635498802355,
    1.5870428765160705,
    -0.7252524984829275,
    -0.9694810201795128,
    1.5303418342151127,
    -0.13035475265324026,
    -0.456467137753826,
    0.010226588408547592,
    -0.0032771267519967106,
    0.11022900753300117,
    -0.31385974026728025,
    0.8091555882484547,
    0.3899695695010986,
    -0.5895479768188898,
    0.8333047742869315,
    1.804947018080985,
    -0.3418946703471793,
    -1.456031630922596,
    0.43383077179541635,
    0.28735697394199794,
    -0.14148950947377684,
    0.16043470844201602,
    -1.4347715203777587,
    -1.132118207470114,
    1.774730175412949,
    -1.8454696727350144,
    -0.7603730868911912,
    0.12186891690137411,
    -0.7115458284277296,
    0.6810537688420226,
    -0.585110352829538,
    0.7981982723348445,
    -1.2838062486345614,
    -1.1071433556251782,
    -1.6458097210531275,
    0.24668277682011971,
    -0.5081506243772506,
    1.0254741497041735,
    -2.1431879806564034,
    0.4870131881060772,
    0.2394094940828506,
    -0.0705163304265283,
    0.39029668666231404,
    -1.491860948001903,
    -0.660001777972681,
    -0.03398779642445838,
    0.9067595186943999,
    -0.7849889681490836,
    1.3402506164119006,
    -0.5468424811072944,
    2.6359805538818795,
    0.33065999644974226,
    -0.3292325180023309,
    -0.23209395611570868,
    -0.11111442314348059,
    0.7395303905198226,
    0.11940641827931042,
    1.5912128508711445,
    2.5717120769409267,
    1.7678491219165982,
    0.11801179510563262,
    -0.573611879855313,
    -0.6366374648394797,
    0.15190048970086117,
    -0.08360923439879273,
    2.584527083601179,
    -0.401606626907856,
    0.6394211325845681,
    -0.1689457272383716,
    -0.3181924206775693,
    1.117272497751045,
    -0.003226535346198893,
    -0.9035769508190913,
    -0.06312558050478448,
    0.3079489291790892,
    0.7335638790298907,
    -0.7075245328518658,
    0.5528746135962981,
    -0.9416627974373488,
    0.12282080044967031,
    -0.5820085308716259,
    1.1714826747074707,
    -0.7665165151309594,
    0.8383517619063151,
    0.30745720474452093,
    -1.1720248800700166,
    1.1344627132957292,
    0.2979924303532378,
    -0.09300037235052201,
    0.8207102797656807,
    -0.12233859220716044,
    -1.1258967138049134,
    -0.332430379968736,
    -0.3868430896471038,
    0.5456012878806754,
    0.2537099717268652,
    1.2287920935267038,
    -1.7495915719696837,
    2.0797860843527944,
    -0.4531543187545313,
    -1.303101215719823,
    0.681145441018438,
    -0.08178985593625135,
    0.22368485481301295,
    0.8962951317131647,
    -0.8125452945206078,
    0.336367303254747,
    -2.1829918726558515,
    0.013932907362558021,
    0.21164127995119272,
    1.3698011195705415,
    -1.1748816633399521,
    0.18332224029435154,
    -1.4007680027804787,
    -0.025552476148152533,
    2.7699676826123545,
    0.8049451348781251,
    0.33706503867541954,
    -0.8311361797328266,
    1.4926939804262405,
    1.9479184135092842,
    -2.398102106280001,
    -1.8384977742536845,
    0.5518947732485274,
    -0.28636644560214364,
    0.19947262306050206,
    -0.8105569345980014,
    1.4795509433966816,
    1.5399775327785266,
    1.708688404326525,
    -0.2557662014247379,
    -0.4735766947452828,
    0.45867332249639997,
    -0.025482090492469398,
    0.96823449983732,
    -0.6171695944593261,
