{
  "generation": 3,
  "best_fitness": 4.106863857070806,
  "mean_fitness": 1.3258968260732857,
  "best_genome": [
    0.1304038300896206,
    0.019991831149169918,
    0.509636338437,
    0.037772777887786324,
    -0.1937622669430804,
    0.6835600533089463,
    0.3448578348176128,
    1.8445980318349366,
    -0.9696905260408214,
    -0.42524840075971665,
    -1.8562210062860318,
    0.0307874819576535,
    0.6560209499016539,
    -0.6967585166588386,
    -0.40170578071406476,
    -0.6330327240783685,
    1.3803889670523963,
    1.2617347449020675,
    0.1704528691466672,
    0.5658877199381366,
    1.0176700842402209,
    0.4548721268233569,
    1.0472050584412302,
    0.1786833835327429,
    0.3765477742514451,
    0.07637005039148673,
    -0.33684295802627995,
    -1.4940719054333262,
    0.038408161226515615,
    -0.36093577665914184,
    1.0848275623727133,
    1.2547649189648216,
    2.1164554319250737,
    -0.32175305470313537,
    -1.1041470650850407,
    0.208017626966585,
    0.7561020840129974,
    -0.4262644411942611,
    0.32142885430219276,
    1.428188535317736,
    -1.5453417333489492,
    0.5442155836368525,
    0.9466670940962607,
    -2.6053230094645876,
    -0.5112055552433021,
    0.745992694335873,
    0.6754566168555477,
    0.09482801817885378,
    0.4324015160967011,
    -0.9144572984867286,
    0.8440717427186617,
    0.41201407247070976,
    -0.5775391482226699,
    -0.535883563688863,
    1.2231787861828127,
    0.1423980703408034,
    0.3299206997613463,
    -0.4136303153542149,
    -0.48135318105555863,
    -0.20977711788699938,
    -0.039122169410937886,
    0.029247158023145838,
    0.13292038746621648,
    0.5928787362257912,
    1.5746273118419294,
    0.10973281576040111,
    -0.24198533855955695,
    -0.9682851208761275,
    -0.44655987134138037,
    -2.1568721701816886,
    0.4325959945986929,
    0.7824270694967169,
    -0.623493910268899,
    1.1562479540887152,
    1.4230775955324186,
    0.7580711740824624,
    0.5316884961828644,
    2.1577099924615237,
    1.6887439900504124,
    0.7078437563192436,
    0.6595017153394428,
    -0.10628482635682802,
    0.5321269389438316,
    -1.8015350391722365,
    -0.7677364433768822,
    -0.9429735819466898,
    0.520857047737262,
    -1.8418250769317865,
    1.1836918918151877,
    -1.0270657953727402,
    0.5849668845360884,
    0.08541332583428314,
    -0.750513953456102,
    0.46934516140700033,
    -0.12694063759036342,
    1.2862878945626008,
    -1.7103458670936509,
    -1.7131722599404522,
    -1.4549399771538976,
    -0.3860702573043038,
    1.1213481550817062,
    -0.9817292381757499,
    0.34059269079488796,
    -0.2228419347144764,
    -0.2602311039339703,
    -1.3945981050826632,
    -1.4827101676360386,
    -0.5371441536958089,
    0.755146596237237,
    -1.9125271588286805,
    1.3060026743376256,
    1.6052383176033131,
    2.1378530861334077,
    -0.8599789453067266,
    -0.3548848181337244,
    -0.8745388878489677,
    1.6673005716445055,
    1.5104316078701716,
    0.09199914056266559,
    1.778917810910473,
    -1.2970153301406444,
    0.7884327203420609,
    1.8887134795409004,
    -1.5138608071477937,
    -0.4400230932155498,
    1.1969302165869067,
    -0.6311256935254679,
    1.3837546971286403,
    0.074081385335696,
    -1.4755775754761344,
    -1.03161476400798,
    1.6201781252406675,
    -0.090535232496092,
    1.1499506057016375,
    -1.058524519364468,
    1.7675940486619985,
    -0.39654881492537336,
    -0.7797144747334348,
    -1.3045828915462134,
    -0.43330695044541623,
    0.6177631219262051,
    -0.22783834260922903,
    -1.1720302906278175,
    0.18702325992084845,
    -1.6299412206798154,
    -1.4699285385053327,
    0.8153432288033718,
    0.807540936950983,
    1.3951823412753757,
    -0.29421846471038043,
    1.0289899293690556,
    0.4778307349480047,
    -0.7258036194158984,
    0.9352602816590255,
    -1.319883363248827,
    0.27581710765405026,
    0.688009354237214,
    0.5300194205079735,
    -0.9136344508697984,
    -0.25252446281723917,
    -0.9669604471815918,
    -0.09782075490992584,
    -1.4653183813613504,
    -1.2822407999231789,
    1.2099243558643007,
    -1.2008793932314592,
    -1.2153891064754543,
    1.423953149355884,
    0.6397227887508037,
    -0.12843949164850457,
    0.3795886723012546,
    0.04727247610079092,
    0.36913518646269,
    1.4701228384839793,
    -0.5935553770156264,
    0.23913994578885434,
    -0.2927176156581979,
    1.2272680125293685,
    0.7000429663637754,
    1.607632253889496,
    -0.26980738441697416,
    0.6231389933389628,
    1.246549027429429,
    1.3284920898294488,
    0.49523384508325624,
    -1.7059408376329435,
    1.245671220129134,
    1.219280398575945,
    -2.6937820890754822,
    -0.823247105213961,
    -0.5363310434688233,
    -0.5691103663447431,
    -0.4771029113225783,
    0.1581549496314878,
    -0.08733164341555767,
    -0.1694281485249112,
    -0.5418113220647891,
    1.264539418355026,
    -0.5607693431077846,
    -0.2201848090488978,
    0.9524214321385955,
    0.25445127691044406,
    1.0535319782315604,
    0.46612149031716904,
    -0.8355885979994503,
    -0.1238295681475357,
    1.3404463591258164,
    -0.8633250658937175,
    -0.6906222337171914,
    0.8146705749447392,
    1.261226794780135,
    0.053034839854789205,
    -0.20143966558840473,
    0.36907839546786914,
    -0.7066737174773151,
    0.35876639185200276,
    -0.1272365289433077,
    -0.4131603801684235,
    0.041594351186196706,
    -0.3162338212643319,
    -1.3411966553875327,
    1.2902262047636766,
    -0.6280485031928901,
    0.060820376714572556,
    0.01294331108049026,
    -0.3608500680181646,
    -1.1812532988233002,
    -0.8516509331695071,
    -0.5653090123770828,
    0.2655149494395548,
    -0.4063492257894595,
    1.1337690914012903,
    0.6742967810828208,
    0.04553119285671473,
    -0.18188067798961052,
    -0.5548197646746124,
    -0.22263909706352686,
    1.841822660212783,
    0.3304208243731762,
    -0.6415735719910118,
    -1.2441178690155437,
    0.617117760982735,
    -1.1197743450817987,
    -1.0755337482197458,
    0.7762207096231922,
    1.666605288358694,
    1.455765216980306,
    -0.075817890861962,
    -1.8229982146067238,
    -0.1441681594015464,
    0.7855360868449094,
    -0.7818997078694758,
    -0.0376226455667703,
    0.9490774004956684,
    -2.127893963131467,
    -0.3576984151877089,
    -1.712709709027391,
    -1.2925357756853584,
    1.1222432436736667,
    -0.3078718329203871,
    0.3436248946695485,
    0.4359733760789131,
    1.5684075601870913,
    0.2733419551966184,
    1.3845983046892913,
    -0.6030249226786382,
    -0.07255205251151116,
    2.5257873911997466,
    0.37674532424752694,
    -0.48969742513205033,
    -0.2827589045299709,
    -1.9333804224482045,
    -0.922625077669141,
    -0.6168387136500049,
    0.3697249634178854,
    -0.7741242418487291,
    -0.8168080112364352,
    -1.8636815127848911,
    1.8124728629902196,
    0.35215599826659444,
    -1.03039599601601,
    0.3688871524063486,
    -1.0791991016778,
    0.3107477703635761,
    -0.3456735041797816,
    0.40329277171645767,
    -0.13952579138323645,
    0.2967822460466324,
    -0.8795209258503651,
    -0.32566576069580855,
    0.9494994462373945,
    0.23622037919039857,
    -0.29286267301298957,
    0.9880378534563555,
    -0.552844811454538,
    1.7117782987161454,
    -1.1209114523311487,
    0.3127249617468638,
    -0.7108830232909364,
    0.8990960665432659,
    0.6360019491396885,
    1.0988038018618558,
    -0.7825893201088427,
    0.8315694485597789,
    -1.3394199192175396,
    0.4447397749706241,
    -2.20103083848067,
    0.6918973388270324,
    -0.7106524467622741,
    -1.821604399838346,
    0.25391613316843137,
    1.144496170859778,
    -0.408545572371809,
    -0.08785169601809602,
    -1.0810587061387267,
    -0.34877505584343627,
    -0.060078911783926534,
    0.49532297022338434,
    -0.7716852050215581,
    1.5111021514296328,
    2.3704695903316733,
