{
  "generation": 7,
  "best_fitness": 414.5895843909383,
  "mean_fitness": -63.5063209764747,
  "best_genome": [
    0.6043831633844677,
    -0.5111718469698462,
    0.5685756468326806,
    0.1835555176559556,
    -0.06446854284776407,
    0.028132858591923715,
    -0.8671145754447065,
    1.9997381172877498,
    0.8748664473637302,
    -2.3532950444887,
    -0.7874309759723019,
    -0.6844456293938032,
    0.2828943929166339,
    0.3068590798376514,
    0.0040943410392843115,
    -0.7511800536409408,
    0.7379489931690837,
    -0.23661022813898494,
    0.5150989869733449,
    -1.8287153958516433,
    -0.22884603764283762,
    -0.6861094586135694,
    0.6447493709972989,
    -0.38746638830492847,
    -0.7865467313640817,
    -1.8276192017867505,
    -1.0737510959467622,
    -1.4406028136157374,
    1.1215477529751579,
    -1.2140351251121653,
    -0.35876605366813363,
    -0.43947271780570335,
    1.6235166221457078,
    -0.2742853542590478,
    -0.34279173509502475,
    -0.44356662415017734,
    -0.916848495397005,
    -0.8338016630917572,
    -0.10633168374050112,
    -0.9262077255743003,
    -1.2846184338784554,
    -0.6667087801639869,
    0.9803300913655377,
    0.5797948956799475,
    1.325042760667842,
    -0.017748538070075943,
    0.06960768414427775,
    -0.9910126283112359,
    0.24606617009237056,
    1.438985615165998,
    0.7968909635403314,
    0.3894535375399637,
    0.011164248735635955,
    -0.23724020437549145,
    -0.7686098165130586,
    0.1041921786883335,
    -0.18503155385924644,
    0.8539446014771576,
    0.6671224383414432,
    0.8654023857089242,
    -0.039204669603628915,
    0.9339133671205585,
    -0.6109620818880972,
    -0.24297184821827272,
    0.395447882139592,
    0.676731714661728,
    1.394670021360837,
    -0.46226386167934846,
    -1.4740979890029349,
    1.4398733201439653,
    1.3528235900016277,
    -0.00041669316969781883,
    0.13281379593236461,
    0.47961001949466747,
    0.13997094969799181,
    -0.046590818109628215,
    0.8147174867772673,
    -1.5465371523791083,
    -0.5173797283303939,
    -0.1455718666966255,
    0.6062286124069787,
    -0.3288786343174556,
    -0.6213112866485584,
    -1.8440458953592584,
    2.005702210152774,
    1.2893729598098673,
    -0.05671153597671223,
    -0.928969806716085,
    -0.5493453358217801,
    0.6145542487692032,
    0.7068872882763927,
    -1.1039836876475986,
    -0.8483664429451302,
    1.1536739294002436,
    1.4541223018258975,
    0.8248623626338492,
    1.8296166698745837,
    0.08780438883301907,
    -0.3736313581207835,
    -0.7663658599522495,
    -1.060386030083838,
    1.0526093100311367,
    -0.5709235207463835,
    -0.6179895297137536,
    -0.9892902635040616,
    0.0528192777433897,
    -0.1344250818164964,
    -0.7247893713284725,
    1.3185525719182425,
    -0.9496082626425126,
    0.2044667068012972,
    1.2878495894339574,
    0.35629035958420385,
    -1.2426960924855242,
    1.2869468717052939,
    -0.6273589947446363,
    1.2333965884417113,
    -0.24174163647560146,
    -1.5029325898295083,
    -0.13680789830139162,
    -0.9908277491044184,
    0.3702160353368694,
    0.33561558261179086,
    0.628079875071828,
    -0.5869923012213102,
    1.5417078100181993,
    0.48754795389090216,
    -0.6250035607602437,
    0.6806622229621816,
    0.32215301102494714,
    0.7282924627335137,
    -0.2914982389988281,
    1.1203283995279671,
    0.9153520911599047,
    -0.15227645081218624,
    -1.9196630849017635,
    -0.36889592519794107,
    -0.6253895603706667,
    1.245484148842845,
    0.9486372802616546,
    0.5778068804987596,
    -1.01063266913751,
    -0.5227829119364349,
    0.4333596537884935,
    1.4745121510089727,
    -1.6246818400761074,
    -0.00944394212742727,
    -0.6389242992135136,
    -1.8186240582464752,
    0.41868820338346063,
    -1.1696669090528986,
    -1.6993456379514182,
    -1.246864542102774,
    -0.8267352816316353,
    0.6585769248983417,
    0.48852489152109685,
    0.6563533338865208,
    -1.617690053594554,
    0.4989968335816325,
    0.45312431117765317,
    1.1167662785820032,
    0.42999432366096374,
    -0.38645499828474855,
    -1.7731648705785934,
    -0.08947061375411239,
    -0.4971477967923511,
    0.24072375268831642,
    1.0010467786669732,
    -0.3668919929324495,
    -1.7660252516529866,
    -0.6487166709676778,
    0.7326504433311343,
    -0.16832663440190612,
    -0.7478631942197029,
    -0.2605843051053693,
    -0.36535877375904396,
    0.9129701222432164,
    0.6250252364639642,
    -2.1578936989570714,
    0.3859429385581614,
    -0.9491013562811839,
    -0.07831982616382009,
    0.4170249129307495,
    0.488856024976036,
    -0.5587768411864525,
    1.9653038847923572,
    2.0786051552381513,
    0.14050674299078963,
    -0.47089338999083324,
    0.3102943178124561,
    -1.1316246675023285,
    0.6641575044307366,
    0.20447783384066812,
    -0.9880493834691666,
    -0.5943311393676155,
    -1.0589342622396565,
    0.027007926695606647,
    1.4402118062330989,
    -0.5011169781514282,
    -0.42765288549971503,
    -0.8983402540390716,
    -0.2788636865760634,
    -1.0996697559477486,
    2.6540738881622623,
    0.10670644319806605,
    -0.46979834534522924,
    -1.7766117437751832,
    -1.7562667723393601,
    -2.117545307555764,
    -1.0616330052564016,
    0.9093078243869233,
    0.3523543009570056,
    0.7332143202217356,
    -0.7889354448643016,
    -0.6374359285655931,
    -0.20481587477559748,
    1.1723067638180935,
    -0.22141609165947992,
    -0.05375593286390661,
    -1.1975790483160322,
    2.0516181389996198,
    -2.0443834244765653,
    0.2620317216970204,
    -0.47004141416456596,
    0.8923074944987692,
    -0.21484565798546057,
    0.3257697045225982,
    0.5826407339226525,
    -0.8217833654605137,
    -0.1045216858721577,
    1.3514659430027296,
    0.48965912272734935,
    -0.5784421126891225,
    1.2167710163430148,
    -0.8821570172429535,
    0.9136926645371073,
    -0.9655986620639755,
    1.5330166803216148,
    0.2352241844307993,
    -0.2829055354536734,
    -1.9738421316735013,
    -0.8517717625637895,
    0.8608922093007421,
    1.2729713391866073,
    -0.486087760784284,
    -0.02844009028785604,
    1.5035323881298746,
    1.4052219342378962,
    1.182595128967496,
    -0.533326792480109,
    -1.2273847285209727,
    -0.4636303620260593,
    0.9945225703071714,
    0.836492151323092,
    1.7502797256054314,
    -0.23271246166723064,
    0.37515953186879014,
    0.2143354760666623,
    0.6050760286927553,
    -0.3599228049294197,
    0.8986229037827749,
    -0.06916526257325348,
    -2.658509443156466,
    2.231295509037251,
    -0.623892781917622,
    1.4469329768158048,
    -0.43418022223468766,
    0.06107390351412406,
    1.4794968993539759,
    -0.5075203460532667,
    0.026600081627205865,
    -0.3290522941535471,
    -3.370985371231725,
    -0.03309926268482238,
    -0.1622502581178296,
    1.354688853538199,
    -0.6034975370718743,
    0.2416470045468349,
    0.9829665321903246,
    -0.16256205659623602,
    -0.031855780027095146,
    0.09365999247332006,
    0.8958920295782061,
    -1.3287770913510355,
    0.48627369217008204,
    -0.5109358188292128,
    0.2460043464886027,
    -0.170729161820557,
    -0.4635856863565939,
    0.1842100253290867,
    -2.0702936825993015,
    1.336000625346661,
    -0.9467771795882022,
    -0.1852334185531691,
    0.24874427178329503,
    -0.13404673548530344,
    -0.7083323284936426,
    -1.1484993829801802,
    -1.391918380002959,
    0.1265732771554608,
    -1.7088174878941693,
    1.6893958588394906,
    -0.20621014374742222,
    -0.42960056503970184,
    -0.15592294890335381,
    -0.48124758372679,
    -1.7665883312262685,
    1.1898459802257193,
    0.13574945705695513,
    -0.4255269471374076,
    -1.4992609360140876,
    -1.4934309778886385,
    -1.1767761572062982,
    -0.5049016998651089,
    1.1323216715092066,
    -0.424401645503633,
    1.0068135956880666,
    -0.35755754724521027,
