{
  "generation": 9,
  "best_fitness": 478.3161869234673,
  "mean_fitness": 76.74751991598825,
  "best_genome": [
    0.6043831633844677,
    -1.026269128816954,
    0.5685756468326806,
    0.1835555176559556,
    0.6066499762455532,
    -0.6759317612469408,
    -0.8671145754447065,
    1.9997381172877498,
    0.8748664473637302,
    -2.1095225804180004,
    -1.7033196031793543,
    0.3589008893697492,
    0.2828943929166339,
    0.3068590798376514,
    0.20723161732188683,
    -0.7511800536409408,
    0.7379489931690837,
    -0.23661022813898494,
    0.5150989869733449,
    -2.3562594131098233,
    -0.1707361297619058,
    -0.6861094586135694,
    0.6447493709972989,
    -0.38746638830492847,
    -0.7865467313640817,
    -1.8276192017867505,
    -0.5484253559680864,
    -1.4406028136157374,
    1.1215477529751579,
    -1.2140351251121653,
    -0.4643480782044421,
    -0.43947271780570335,
    1.6235166221457078,
    -0.2742853542590478,
    -0.34279173509502475,
    -0.44356662415017734,
    -0.914751345133037,
    -0.7074475176390668,
    0.29850682551940505,
    -1.07913044246268,
    -1.2846184338784554,
    -1.2648904455223997,
    0.9803300913655377,
    0.5797948956799475,
    0.6756258025261395,
    -0.017748538070075943,
    0.35198544990111197,
    -0.9910126283112359,
    0.24606617009237056,
    1.438985615165998,
    -0.1369651707767654,
    0.5424070315437587,
    0.011164248735635955,
    -0.23724020437549145,
    -1.2348880988066648,
    0.1041921786883335,
    -0.18503155385924644,
    0.8539446014771576,
    0.6671224383414432,
    0.6498028130644309,
    -0.039204669603628915,
    0.9339133671205585,
    -0.6109620818880972,
    -0.24297184821827272,
    0.6233874224011327,
    0.676731714661728,
    1.394670021360837,
    -0.46226386167934846,
    -1.5355636053962474,
    1.4398733201439653,
    1.3528235900016277,
    -0.00041669316969781883,
    0.2784376409673929,
    0.47961001949466747,
    0.2535029706027676,
    -0.046590818109628215,
    0.8147174867772673,
    -1.7422786989172863,
    -0.5173797283303939,
    -0.1455718666966255,
    0.6062286124069787,
    -0.6456649354189238,
    -0.6213112866485584,
    -1.8440458953592584,
    2.005702210152774,
    1.5071448387415545,
    0.11728711699150073,
    -0.928969806716085,
    -0.8675631078436183,
    1.4626895009040521,
    0.7068872882763927,
    -0.23442358011393127,
    -0.8483664429451302,
    1.1536739294002436,
    1.4541223018258975,
    0.8248623626338492,
    1.8296166698745837,
    0.22273964110633482,
    -0.3736313581207835,
    -0.7663658599522495,
    -1.060386030083838,
    1.0526093100311367,
    -0.5709235207463835,
    -0.6179895297137536,
    -0.9892902635040616,
    0.0528192777433897,
    -0.1344250818164964,
    -0.7247893713284725,
    1.3185525719182425,
    -0.9496082626425126,
    0.2044667068012972,
    1.2878495894339574,
    0.35629035958420385,
    -1.2426960924855242,
    1.6053127324416954,
    -0.6273589947446363,
    1.2333965884417113,
    -0.24174163647560146,
    -1.5029325898295083,
    -0.13680789830139162,
    -0.9908277491044184,
    0.3702160353368694,
    0.33561558261179086,
    0.1666109481200957,
    -0.5869923012213102,
    1.1829569788539478,
    0.48754795389090216,
    -0.6250035607602437,
    0.6806622229621816,
    0.32215301102494714,
    0.7282924627335137,
    -0.2914982389988281,
    1.1203283995279671,
    0.9153520911599047,
    -0.15227645081218624,
    -2.2440053076849646,
    -0.36889592519794107,
    -0.6253895603706667,
    1.245484148842845,
    0.9486372802616546,
    0.5778068804987596,
    -1.01063266913751,
    -0.5227829119364349,
    0.4333596537884935,
    1.4745121510089727,
    -1.6246818400761074,
    -0.00944394212742727,
    -0.6389242992135136,
    -1.8186240582464752,
    0.41868820338346063,
    -1.504972672311201,
    -1.6993456379514182,
    -0.9558042834576528,
    -0.8267352816316353,
    0.6585769248983417,
    0.48852489152109685,
    0.6563533338865208,
    -1.617690053594554,
    0.4989968335816325,
    0.45312431117765317,
    1.3447934774791293,
    0.42999432366096374,
    0.7965407805957065,
    -1.7731648705785934,
    -0.08947061375411239,
    -0.9097372968002027,
    0.24072375268831642,
    1.0010467786669732,
    -0.3668919929324495,
    -1.7660252516529866,
    -0.6487166709676778,
    -0.08369748677160016,
    -0.16832663440190612,
    -0.7478631942197029,
    -0.2605843051053693,
    -0.36535877375904396,
    0.9129701222432164,
    0.6250252364639642,
    -2.1578936989570714,
    0.3859429385581614,
    -0.9491013562811839,
    -0.07831982616382009,
    0.4170249129307495,
    0.488856024976036,
    -0.5587768411864525,
    1.9653038847923572,
    2.0786051552381513,
    0.14050674299078963,
    -0.47089338999083324,
    0.3102943178124561,
    -1.1316246675023285,
    0.6641575044307366,
    0.20447783384066812,
    -0.9880493834691666,
    -0.5943311393676155,
    -1.0589342622396565,
    0.027007926695606647,
    1.4402118062330989,
    -0.5011169781514282,
    -0.42765288549971503,
    -0.8983402540390716,
    -0.2788636865760634,
    -1.0996697559477486,
    2.6540738881622623,
    0.10670644319806605,
    -0.46979834534522924,
    -1.7766117437751832,
    -1.7562667723393601,
    -2.117545307555764,
    -1.0616330052564016,
    0.9093078243869233,
    0.3523543009570056,
    0.7332143202217356,
    -1.0097867064890231,
    -0.6374359285655931,
    -0.20481587477559748,
    1.1723067638180935,
    -0.22141609165947992,
    -0.05375593286390661,
    -1.1975790483160322,
    2.0516181389996198,
    -2.0443834244765653,
    0.2620317216970204,
    -0.20490373385201782,
    0.8923074944987692,
    -0.21484565798546057,
    0.3257697045225982,
    0.5826407339226525,
    -0.8217833654605137,
    -0.1045216858721577,
    1.3514659430027296,
    0.48965912272734935,
    -0.5784421126891225,
    1.2167710163430148,
    -0.8821570172429535,
    0.9136926645371073,
    -0.9655986620639755,
    1.8908450615958858,
    0.2352241844307993,
    -0.2829055354536734,
    -1.9738421316735013,
    -1.440547192526541,
    0.7208926256910564,
    1.2729713391866073,
    -0.486087760784284,
    -0.02844009028785604,
    1.5035323881298746,
    1.4052219342378962,
    1.182595128967496,
    -0.533326792480109,
    -1.2273847285209727,
    -0.4636303620260593,
    0.9945225703071714,
    0.836492151323092,
    1.7502797256054314,
    -0.23271246166723064,
    0.37515953186879014,
    0.2143354760666623,
    0.6050760286927553,
    -0.3599228049294197,
    0.8986229037827749,
    -0.11880721038468758,
    -2.658509443156466,
    2.231295509037251,
    -0.623892781917622,
    1.4469329768158048,
    -0.460487087903356,
    0.06107390351412406,
    1.4794968993539759,
    -0.5075203460532667,
    0.026600081627205865,
    -0.7602317694594356,
    -3.370985371231725,
    -0.03309926268482238,
    -0.1622502581178296,
    1.354688853538199,
    -0.6034975370718743,
    0.2416470045468349,
    0.9829665321903246,
    -0.16256205659623602,
    -0.031855780027095146,
    0.09365999247332006,
    0.8958920295782061,
    -1.3287770913510355,
    0.48627369217008204,
    -0.6632496934066255,
    0.2460043464886027,
    -0.170729161820557,
    -0.4635856863565939,
    0.1842100253290867,
    -2.0702936825993015,
    2.4794296800064135,
    -0.9467771795882022,
    -0.1852334185531691,
    0.24874427178329503,
    -0.775745830082636,
    -0.7083323284936426,
    -1.1484993829801802,
    -1.5780147407259104,
    0.1265732771554608,
    -1.7088174878941693,
    1.6893958588394906,
    -0.20621014374742222,
    -0.42960056503970184,
    -0.15592294890335381,
    -0.48124758372679,
    -1.7665883312262685,
    1.1898459802257193,
    0.05128337638824976,
    -0.4255269471374076,
    -1.4992609360140876,
    -1.4934309778886385,
    -1.1767761572062982,
    -0.5049016998651089,
    1.1323216715092066,
    -0.424401645503633,
    1.0068135956880666,
    -0.35755754724521027,
    -0.5458446131525706,
